Data;Temperatura;Umidade ;VelocidadedoVento;Precipitacao;Pressao;Geracao
01/01/2016;28.86;63.5;1.16;0;1000,34;16,31758333
02/01/2016;29.58;60.75;1.5;0;1000,30;29,66133333
03/01/2016;29.26;74.75;1.56;0;1000,19;33,10579166
04/01/2016;29.2;64;2.66;0;1000,19;29,73825
05/01/2016;29.02;63.75;1.83;0;1000,89;29,9935
06/01/2016;29.08;66;1.23;0;1000,89;29,445875
07/01/2016;27.46;77.25;1.83;0.2;1001,25;25,85695833
08/01/2016;24.96;94;0.36;0;1001,00;29,32966666
09/01/2016;26.52;75.75;0.43;0.2;1001,27;10,07966666
10/01/2016;26.7;82.5;0.83;0;1000,94;32,74004166
11/01/2016;28.36;62.5;1.5;0;1000,12;41,622
12/01/2016;28.82;62;0.9;0;999,39;37,946625
13/01/2016;28.36;68;1.83;0;999,50;17,67333333
14/01/2016;27.9;71;1.03;0;1000,69;12,13070833
15/01/2016;28.34;68.25;1.5;0;1000,46;16,76204166
16/01/2016;28.64;65;0.66;0;999,58;25,06820833
17/01/2016;27.12;81.5;0.5;0;1000,07;19,30029166
18/01/2016;27.5;80.5;0.83;30.8;999,55;21,389625
19/01/2016;24.3;89.75;0.5;12.6;1000,30;9,13258333
20/01/2016;25.8;83.25;1.6;7.2;999,60;4,051125
21/01/2016;23.86;92.25;0.83;9.4;1000,84;0
22/01/2016;25.92;84.25;0.43;3.6;1001,30;1,34441666
23/01/2016;26.96;84.25;1.26;0.2;1002,28;11,35733333
24/01/2016;26.26;91.5;1.6;0.2;1002,67;6,02320833
25/01/2016;26.5;73.25;0.83;0.2;1002,53;38,22916666
26/01/2016;26.12;86.5;0.7;0;1001,71;22,11616666
27/01/2016;26.82;74.5;1.5;0.2;1001,04;30,92333333
28/01/2016;25.94;84;0.23;0;1001,58;10,81458333
29/01/2016;26.5;76;0.76;0;1000,79;22,298
30/01/2016;26.3;70.5;0.73;0;1000,86;21,43116666
31/01/2016;25.1;88;0.5;0;1001,63;26,244875
01/02/2016;23.42;94.25;0.56;null;1002,57;8,18866666
02/02/2016;24.58;92.5;0.5;null;1001,03;6,90925
03/02/2016;25.56;93.5;0.33;null;1000,39;5,36708333
04/02/2016;26.62;82.5;0.66;null;1000,10;17,90566666
05/02/2016;26.64;77;0.26;null;1001,02;17,36466666
06/02/2016;26.64;80.75;0.53;null;1001,94;19,84895833
07/02/2016;26.98;76.25;1.1;null;1001,58;25,263
08/02/2016;26.1;85;0.83;null;1002,91;11,56079166
09/02/2016;26.48;82.75;0.66;null;1002,78;18,02654166
10/02/2016;27.16;80.5;0.83;null;1001,89;30,598625
11/02/2016;27.34;71.5;1;null;1001,11;19,933875
12/02/2016;27.28;79;1;null;1000,77;11,71095833
13/02/2016;27.14;74.5;1.33;null;1000,80;8,617125
14/02/2016;26.12;80;0.83;null;1000,80;15,742625
15/02/2016;26.62;77.5;0.43;null;1000,29;9,91691666
16/02/2016;27.92;69.25;0.75;null;999,49;25,7575
17/02/2016;27.78;75.5;0.66;null;999,22;25,24266666
18/02/2016;25.88;80.5;0.83;null;1000,30;18,67
19/02/2016;25.96;81.25;0.83;null;1000,18;27,35904166
20/02/2016;25.9;79.25;1.06;null;1000,59;25,6765
21/02/2016;27.16;73.25;0.83;null;998,81;29,279375
22/02/2016;27.36;74.25;1.83;null;998,86;26,94058333
23/02/2016;26.62;79.25;0.66;null;1000,65;7,995
24/02/2016;28.1;65;0.66;null;999,96;18,73366666
25/02/2016;27.74;71.25;0.76;null;999,29;24,05391666
26/02/2016;27.78;71.5;1.66;null;999,23;21,92841666
27/02/2016;27.82;72;1;null;1000,32;17,75379166
28/02/2016;26.52;81.75;0.83;null;1000,52;7,86791666
29/02/2016;27.24;70.25;0.83;null;1000,10;17,127625
01/03/2016;28.36;65;1.16;null;999,75;19,49129166
02/03/2016;28.08;63.5;0.76;0;999,78;22,62920833
03/03/2016;27.02;70.5;0.66;0;1000,23;25,32258333
04/03/2016;27;61.75;0.46;0;1000,20;28,91229166
05/03/2016;27.64;72;2;0;999,89;30,99358333
06/03/2016;28.22;60;1.23;0;999,94;18,10533333
07/03/2016;28.5;62.25;0.93;0;999,88;25,56916666
08/03/2016;27.56;85.75;2.16;0;1000,13;13,16029166
09/03/2016;27.58;74.25;0.73;0;1000,05;7,75279166
10/03/2016;27.12;76.25;1;0;1000,42;13,89883333
11/03/2016;26.5;76.75;0.83;0;1001,83;7,93170833
12/03/2016;27.2;68.25;0.83;0;1001,61;16,39020833
13/03/2016;27.9;66;1.33;0;1001,20;19,26366666
14/03/2016;26.72;76;0.5;0;1001,39;10,34604166
15/03/2016;27.54;79;0.66;0;1001,28;12,11683333
16/03/2016;28.22;76.25;0.66;0;1001,38;21,57704166
17/03/2016;26.68;84;0.66;0;1002,24;16,55825
18/03/2016;27.2;74.25;0.66;0;1001,37;25,247875
19/03/2016;28.16;70.25;0.63;0;1000,68;21,36583333
20/03/2016;27.4;72.5;0.66;0;1000,70;25,90891666
21/03/2016;27.54;80.75;0.83;0;1001,53;20,70679166
22/03/2016;26.98;82.25;0.33;0;1002,19;7,36645833
23/03/2016;27.56;72;0.7;0;1001,07;21,73416666
24/03/2016;27.8;67.75;0.63;8.8;1000,54;15,37829166
25/03/2016;27.72;72.5;0.66;1.6;1000,48;21,12558333
26/03/2016;27.8;81;0.83;0.8;1000,67;12,40975
27/03/2016;26.4;75.5;0.83;0;1000,45;26,38654166
28/03/2016;26.58;79;0.26;1.4;1000,07;10,57208333
29/03/2016;26;81.25;0.83;2.6;1001,58;5,38495833
30/03/2016;26.24;79.25;0.36;6.4;1002,69;4,087875
31/03/2016;26.86;79.75;0.75;21.6;1002,60;7,26316666
01/04/2016;25.9;87;0.43;null;1001,29;2,35158333
02/04/2016;25.38;91;0.43;null;1000,06;1,29575
03/04/2016;24.7;89.25;0.13;null;1001,20;0,29104166
04/04/2016;26.84;80;0.5;null;1002,25;0,79975
05/04/2016;26.54;89.25;0.43;null;1001,99;3,69758333
06/04/2016;25.56;88;0.76;null;1000,60;0,56516666
07/04/2016;25.38;88.75;0.53;null;1000,63;1,97745833
08/04/2016;26.9;84;1.16;null;1000,41;7,26716666
09/04/2016;26.46;81;0.83;null;999,76;12,29729166
10/04/2016;27.04;80.5;0.66;null;999,20;32,00391666
11/04/2016;25.72;89.25;0.33;null;999,69;8,15983333
12/04/2016;25.94;78;0.66;null;999,88;10,80454166
13/04/2016;26.44;77.25;0.43;null;1000,31;9,19225
14/04/2016;27.32;81;0.66;null;1000,54;6,77141666
15/04/2016;27;79.25;0.2;null;1000,70;10,119875
16/04/2016;26.64;88;0.2;null;1000,65;4,73891666
17/04/2016;26.82;79.75;0.3;2.6;1001,00;10,985
18/04/2016;27.04;84.25;0.66;0;1000,71;10,86254166
19/04/2016;27.16;75.25;0.56;1.6;1000,09;18,54641666
20/04/2016;27.84;74.75;0.6;0;999,43;14,8925
21/04/2016;26.88;78.75;0.4;4.2;999,69;14,03291666
22/04/2016;25.04;92.5;0.5;4.8;1001,80;27,35925
23/04/2016;26.76;81.75;0.83;4.2;1000,00;15,44216666
24/04/2016;26.98;79.5;0.5;0;999,17;33,51645833
25/04/2016;27.14;77;0.56;0;998,40;26,11583333
26/04/2016;27.2;81;0.83;0;998,99;5,053875
27/04/2016;27.5;76.75;0.66;0;999,89;21,86708333
28/04/2016;26.8;73;1;0;999,57;40,473
29/04/2016;26.72;78.5;0.43;0;999,42;38,00341666
30/04/2016;27.18;73.5;0.3;0;999,69;15,50104166
01/05/2016;27.1;80.5;0.83;0;1000,31;17,78729166
02/05/2016;26.4;86.25;0.83;0;1001,24;9,734125
03/05/2016;26.06;87.5;0.5;2.8;1001,69;1,462125
04/05/2016;27.22;73.5;0.7;0;1001,40;21,96716666
05/05/2016;26.58;79.75;0.53;0;1002,16;15,82770833
06/05/2016;26.8;81.25;1.16;0;1002,16;9,28320833
07/05/2016;27.66;73.75;1;0;1001,13;11,04704166
08/05/2016;27.5;75.25;0.83;0.4;999,97;13,3
09/05/2016;26.7;89.25;0.53;0;1000,79;16,605625
10/05/2016;27.28;78.25;0.66;20.6;1001,22;20,738375
11/05/2016;26.64;91;0.33;0.4;1001,73;13,870625
12/05/2016;25.96;86.5;0.66;6;1002,43;20,09570833
13/05/2016;27.2;80;0.33;3.4;1002,53;22,70366666
14/05/2016;26.56;92;0.36;0;1003,07;15,54395833
15/05/2016;26.98;84.75;0.3;0.4;1002,63;19,00129166
16/05/2016;27.36;75;0.83;2.8;1002,86;21,82629166
17/05/2016;27;72;0.33;0;1001,98;25,87158333
18/05/2016;27.02;73.5;0.83;0;1001,20;33,21220833
19/05/2016;27.14;72.25;0.53;0;1001,59;29,86154166
20/05/2016;27.28;66.25;0.66;0;1002,56;28,72020833
21/05/2016;27.48;65;0.83;0;1003,40;28,44320833
22/05/2016;27.44;69.5;0.83;0;1002,86;25,05666666
23/05/2016;27.42;72.5;0.26;0;1003,38;23,1075
24/05/2016;27.44;68.5;0.66;0;1004,03;28,42366666
25/05/2016;27.42;68.25;1.16;0;1002,75;21,36454166
26/05/2016;27.48;73.5;1;0;1001,84;13,66979166
27/05/2016;27.74;72.75;0.5;0;1002,18;16,13508333
28/05/2016;27.58;67.75;0.9;0;1003,03;25,74675
29/05/2016;27.64;70;0.83;0;1002,24;29,44825
30/05/2016;26.82;84.75;0.83;0;1001,00;16,51829166
31/05/2016;26.1;88;0.3;0;1000,40;4,31420833
01/06/2016;27.72;72.25;0.66;0;1000,09;22,332375
02/06/2016;28.06;70.25;0.43;0;1000,37;24,95241666
03/06/2016;27.48;77.75;0.83;0;1000,87;26,91658333
04/06/2016;27.78;70.25;0.83;1.8;1000,65;29,23229166
05/06/2016;26.16;79;1;0;1001,40;38,191
06/06/2016;26.1;82.75;0.23;0.8;1002,08;19,77591666
07/06/2016;27;73.75;0.66;1.6;1002,65;14,97175
08/06/2016;27.22;69.5;0.43;0;1002,75;29,445125
09/06/2016;27.42;76.75;1.33;0;1003,95;13,84975
10/06/2016;27.14;72.25;0.7;7;1004,00;16,379625
11/06/2016;27.04;78.75;0.76;0;1005,08;5,295
12/06/2016;27.78;73.5;0.83;2.2;1005,32;10,41933333
13/06/2016;27.64;66;0.83;0;1005,68;21,089625
14/06/2016;26.26;66.5;0.66;0;1005,81;27,586
15/06/2016;27.3;64.75;0.73;0;1005,39;15,76820833
16/06/2016;27.44;64.75;0.76;0;1004,10;9,48804166
17/06/2016;26.9;64.75;0.83;0;1003,04;13,92704166
18/06/2016;26.68;63.5;0.5;0;1003,24;28,73970833
19/06/2016;27.3;62;1.16;0;1003,50;31,39183333
20/06/2016;27.22;65.5;0.93;0;1002,51;32,24875
21/06/2016;27.82;57.75;0.66;0;1002,60;21,164375
22/06/2016;27.72;64.75;1;0;1002,69;19,353875
23/06/2016;28.3;58.5;0.833;0;1003,11;17,989
24/06/2016;27.98;65.5;0.3;0;1002,82;21,72808333
25/06/2016;27.56;61.75;0.73;0;1002,48;31,024875
26/06/2016;27.78;55.25;1;0;1002,78;22,71695833
27/06/2016;27.76;56;0.83;0;1003,98;17,87629166
28/06/2016;27.44;60.75;0.9;0;1003,68;23,51608333
29/06/2016;27.72;57.75;0.66;0;1003,35;22,08766666
30/06/2016;27.08;55;0.83;0;1002,54;18,73183333
01/07/2016;27.66;62;0.65;0;1003,10;26,68691666
02/07/2016;28.28;59;1.25;0;1002,91;26,44933333
03/07/2016;28.88;63;1;0;1003,42;19,3865
04/07/2016;28.24;56;1.5;0;1003,80;35,40554166
05/07/2016;27.58;67;0.65;0;1003,38;33,45283333
06/07/2016;26.32;78;0.75;0;1003,83;17,824125
07/07/2016;28.14;65;0.5;0;1003,48;22,31420833
08/07/2016;27.48;71;1.25;0;1004,49;25,28304166
09/07/2016;26.98;78;0.6;0;1004,48;32,19716666
10/07/2016;27.22;72;1.5;0.2;1003,23;27,46479166
11/07/2016;27.1;76;1.35;0;1002,10;25,96429166
12/07/2016;27.28;;0.7;0;1002,08;26,019875
13/07/2016;27.38;69;0.65;0;1002,45;28,59975
14/07/2016;27.28;66;1;0;1001,39;35,48779166
15/07/2016;27.74;66;0.55;0;1000,15;29,498125
16/07/2016;27.66;61;1;0;1000,74;24,83808333
17/07/2016;27.6;74;1.1;0;1002,28;33,48970833
18/07/2016;27.44;75;1.1;0;1002,76;26,75358333
19/07/2016;27.7;73;0.9;0;1003,26;27,4395
20/07/2016;27.42;71;0.7;0;1002,62;34,87483333
21/07/2016;27.4;62;0.85;0;1002,70;20,25033333
22/07/2016;26.98;65;1;0;1002,58;22,08375
23/07/2016;27.02;58;1.25;0;1002,76;27,46008333
24/07/2016;27.9;62;1.5;0;1002,30;17,65816666
25/07/2016;28.64;61;1.4;0;1000,83;19,43945833
26/07/2016;27.36;62;1.25;0;1001,78;24,24425
27/07/2016;27.12;66;1.4;0;1002,50;20,22408333
28/07/2016;27.36;65;2;0;1001,25;25,44479166
29/07/2016;27.22;69;1.2;0;1001,78;34,50308333
30/07/2016;28.06;58;1.5;0;1001,76;23,82758333
31/07/2016;28.42;56;0.666667;0;1001,58;28,17916666
01/08/2016;27.64;51.75;0.933333;0;1001,85;31,25929166
02/08/2016;28.12;51.5;1.83;0;1002,86;43,64366666
03/08/2016;28.62;50.5;0.53;0;1002,38;29,93045833
04/08/2016;28.22;54.25;1.33;0;1002,45;35,26529166
05/08/2016;27.86;51.25;0.96;0;1002,98;32,35520833
06/08/2016;27.42;57;1.23;0;1003,38;46,52529166
07/08/2016;27.7;53.75;0.5;0;1003,58;38,29954166
08/08/2016;27.14;62;1.16;0;1003,38;43,70854166
09/08/2016;27.2;61;1;0;1003,41;42,1585
10/08/2016;27.48;61;0.83;0;1002,64;31,762125
11/08/2016;27.8;60.75;0.86;0;1001,66;38,10541666
12/08/2016;27.68;60;1.33;0;1002,23;42,69433333
13/08/2016;27.32;56.75;0.83;0;1002,38;41,40616666
14/08/2016;27.18;54.25;1.83;0;1002,22;54,351
15/08/2016;27.08;60.25;1;0;1001,97;48,77725
16/08/2016;28.14;57.75;1.33;0;1001,94;49,4905
17/08/2016;28;57.5;1.33;0;1001,98;48,60929166
18/08/2016;27.78;56;1.83;0;1002,15;53,697875
19/08/2016;27.8;52;1.5;0;1001,95;46,3575
20/08/2016;27.78;57;0.9;0;1001,99;44,77175
21/08/2016;27.26;65.5;0.93;0;1002,33;50,43441666
22/08/2016;27.98;62.75;1.33;0;1002,56;35,02641666
23/08/2016;28.54;61.25;1.5;0;1002,58;39,96816666
24/08/2016;28.88;52;1.5;0;1002,65;44,46895833
25/08/2016;28.22;52.75;1.66;0;1002,40;44,83608333
26/08/2016;28.1;51.75;1.16;0;1001,22;31,82795833
27/08/2016;27.82;55.75;1.16;0;1001,13;36,78333333
28/08/2016;27.86;58.25;1.33;0;1001,46;45,126
29/08/2016;27.98;52.5;1.5;0;1002,13;50,04983333
30/08/2016;28.36;54.25;1.33;0;1002,30;47,02379166
31/08/2016;29.28;52.25;1.16;0;1001,92;34,79845833
01/09/2016;29.12;59;0.75;0;1001,95;45,22079166
02/09/2016;28.98;53;2;0;1002,20;56,13770833
03/09/2016;28.4;57;1;0;1001,90;50,39208333
04/09/2016;28.44;63;1.25;0;1001,93;47,926625
05/09/2016;28.5;66;1.5;0;1002,48;46,08754166
06/09/2016;28.22;69;1.25;0;1002,44;35,42679166
07/09/2016;28.12;70;1.25;0;1002,20;36,39729166
08/09/2016;28.38;66;1;0;1001,70;37,18108333
09/09/2016;28.12;66;2;0;1002,40;33,23333333
10/09/2016;28.24;64;2.25;0;1003,51;53,34333333
11/09/2016;27.52;76;1.5;0;1003,35;63,48054166
12/09/2016;28.36;64;1.5;0.2;1001,30;50,07158333
13/09/2016;28.52;68;1.25;0;1000,87;42,958625
14/09/2016;28.78;66;1.25;0;1001,71;46,606125
15/09/2016;28.18;63;1.75;0;1002,15;58,03329166
16/09/2016;28.9;64;1.75;0;1002,04;48,89358333
17/09/2016;28.42;65;2.5;0;1002,27;39,59708333
18/09/2016;27.58;65;1.75;0;1002,14;54,18816666
19/09/2016;27.5;66;2;0;1001,41;47,36741666
20/09/2016;27.86;66;1.5;0;1001,03;47,097875
21/09/2016;28;69;1.5;0;1001,31;42,40820833
22/09/2016;28.64;67;2.25;0;1001,72;61,09154166
23/09/2016;28.16;57;2.75;0;1003,46;46,813375
24/09/2016;27.72;59;2.5;0;1002,99;54,25329166
25/09/2016;27.82;64;2.75;0;1000,93;43,61754166
26/09/2016;27.38;72;2.25;0;1000,88;35,93695833
27/09/2016;27.96;73;2.75;0;1001,22;34,57516666
28/09/2016;28.48;71;2.25;0;1001,57;34,055125
29/09/2016;28.12;62;2.25;0;1000,20;41,89579166
30/09/2016;28.6;67;1.5;0;1000,22;48,86520833
01/10/2016;28.58;55.25;1.33;0;1001,13;46,15191666
02/10/2016;28.88;56;2.16;0;999,81;53,240125
03/10/2016;29.34;44.75;1.9;0;1000,11;45,88004166
04/10/2016;29.44;47.75;2;0;999,29;37,318125
05/10/2016;29.42;52.25;1.33;0;998,41;35,30833333
06/10/2016;28.94;59.75;1.33;0;998,36;13,79220833
07/10/2016;28.3;61.5;0.96;0;998,46;30,76629166
08/10/2016;28.38;55;1.56;0;999,78;50,17966666
09/10/2016;28.34;49.5;1.33;0;1000,47;51,31633333
10/10/2016;28.92;54.25;1.33;0;1000,37;47,04020833
11/10/2016;29.12;47.75;1.9;0;999,40;37,96504166
12/10/2016;29.16;48.75;1;0;1000,13;44,4715
13/10/2016;28.7;57.5;2;0;1001,65;51,01783333
14/10/2016;28.96;53;2.66;0;1002,05;43,61775
15/10/2016;29.2;53.5;1.5;0;1000,86;46,355875
16/10/2016;29.36;53;1.83;0;999,55;47,26795652
17/10/2016;29.04;51;1.4;0;1000,31;51,444
18/10/2016;28.46;61.5;0.83;0;1001,13;42,52333333
19/10/2016;29.16;61.5;1.33;0;999,40;42,12679166
20/10/2016;29.3;57.25;1.16;0;999,02;42,064375
21/10/2016;28.72;61.75;1.16;0;999,11;41,53870833
22/10/2016;28.88;57.5;2.1;0.2;999,38;48,25266666
23/10/2016;29.44;50.75;1.16;0;1000,33;51,73154166
24/10/2016;29.18;50.5;1.66;0;1000,20;60,6715
25/10/2016;28.3;59.75;1.3;0;999,01;43,19166666
26/10/2016;29;57;1;0;997,85;49,83695833
27/10/2016;28.48;57.5;1.5;0;998,02;54,33529166
28/10/2016;29.12;50.75;1.33;0;999,14;56,765625
29/10/2016;28.84;57.75;1.66;0;1000,95;60,59
30/10/2016;28.86;58.25;1.83;0;1000,66;42,86433333
31/10/2016;28.62;52.25;1.16;0;999,70;45,65770833
01/11/2016;28.92;55.5;2;null;null;54,78208333
02/11/2016;29.32;51.5;2.16;null;999,55;55,649375
03/11/2016;29.82;51.75;2.33;0;1000,44;45,004625
04/11/2016;30.16;50.75;2.66;null;1000,61;54,3805
05/11/2016;29.66;55.75;1.4;null;1000,55;55,807
06/11/2016;29.38;56.75;1.4;null;999,48;58,299125
07/11/2016;29.26;61;1.33;null;998,86;56,300625
08/11/2016;29.68;56.5;1.4;0;999,50;59,305375
09/11/2016;29.38;60.75;2;null;null;55,21466666
10/11/2016;28.7;55.25;2;0.2;1000,64;57,81104166
11/11/2016;28.94;52;1.5;null;998,55;60,46520833
12/11/2016;28.96;55.5;1.66;0;998,04;52,54570833
13/11/2016;28.82;55.5;1.5;null;996,98;3,58879166
14/11/2016;28.5;61.75;1.33;null;996,37;0,2245
15/11/2016;28.94;61.5;1.33;0;997,28;37,66983333
16/11/2016;28.5;63.75;2.5;null;null;41,57041666
17/11/2016;28.96;60;0.83;null;997,83;49,054
18/11/2016;28.72;58.5;1.5;null;996,46;51,07895833
19/11/2016;28.3;62;1.06;0;998,06;43,65979166
20/11/2016;28.32;63;0.9;null;998,18;51,34720833
21/11/2016;29.08;55.75;2;null;998,76;50,72645833
22/11/2016;28.88;55.75;1.33;null;998,06;56,16020833
23/11/2016;28.72;56;1.66;null;998,40;49,15416666
24/11/2016;29.1;52.75;2.83;null;999,51;57,3785
25/11/2016;29.6;50.25;1.16;null;999,27;54,1105
26/11/2016;28.88;52.5;1.83;null;999,01;68,981
27/11/2016;29.28;49;2.16;null;999,35;47,90895833
28/11/2016;29.36;53.75;1.33;null;999,07;46,99941666
29/11/2016;29.02;60.25;1.33;null;998,53;58,80704166
30/11/2016;28.96;55.75;1.03;null;999,02;51,92558333
01/12/2016;28.86;65;2;null;999,79;49,65020833
02/12/2016;28.98;70;2.25;null;1000,16;44,49516666
03/12/2016;28.96;60;2;null;999,47;55,29570833
04/12/2016;29;65;1.25;null;998,98;52,22566666
05/12/2016;28.94;66;2;null;999,60;50,20033333
06/12/2016;29.44;64;1.25;null;1000,04;56,300875
07/12/2016;29.02;71;1.5;null;999,21;41,43504166
08/12/2016;28.86;72;1.75;null;999,18;31,49283333
09/12/2016;29.14;67;1.75;null;999,00;35,861
10/12/2016;29.16;66;1;null;999,09;43,80041666
11/12/2016;29.22;64;1.5;null;null;47,801375
12/12/2016;28.88;71;2;null;null;48,50329166
13/12/2016;28.68;69;1;0;999,02;45,16008333
14/12/2016;28.58;63;1.75;null;null;41,26208333
15/12/2016;28.36;65;0.75;null;1000,24;46,07858333
16/12/2016;28.82;73;0.75;0;1000,94;37,51716666
17/12/2016;28.92;73;1.25;null;null;44,96858333
18/12/2016;26;83;1.5;null;null;11,79725
19/12/2016;28.08;66;0.75;null;null;9,47525
20/12/2016;29.44;65;1;0;998,39;35,58683333
21/12/2016;28.8;68;1.75;null;null;38,442125
22/12/2016;27.92;83;0.75;0.2;997,96;32,44933333
23/12/2016;29.44;64;1;null;997,53;38,119375
24/12/2016;28.78;66;1.5;null;997,74;41,19145833
25/12/2016;28.92;69;1.25;0;997,91;46,496125
26/12/2016;29.14;66;0.75;null;998,17;46,52920833
27/12/2016;29.64;64;1.75;null;998,82;50,932875
28/12/2016;29.8;61;1.5;0;999,45;52,36283333
29/12/2016;27.58;87;1.25;null;null;25,267
30/12/2016;28.88;68;1;null;null;33,84395833
31/12/2016;29.48;57.75;1.9;0;999,32;33,68729166
01/01/2017;29.92;58.25;1.83;null;999,04;36,89391666
02/01/2017;29.16;65.75;1;null;null;26,33066666
03/01/2017;26.18;89.5;0.66;null;999,66;14,55166666
04/01/2017;27.76;;0.6;null;null;34,05504166
05/01/2017;28.06;68;1.5;null;999,75;28,9275
06/01/2017;28.2;66.75;1.16;null;998,99;28,33729166
07/01/2017;28.54;60.75;0.9;null;999,92;25,50633333
08/01/2017;27.78;68.75;1.16;null;999,41;29,72425
09/01/2017;28.02;67.25;1.16;null;999,60;23,85079166
10/01/2017;28.6;66.25;1.7;null;998,93;35,61925
11/01/2017;25.44;90.25;0.5;null;999,70;9,51341666
12/01/2017;27.72;68.25;0.6;null;null;24,91420833
13/01/2017;28.4;56.5;1.16;null;997,99;37,53529166
14/01/2017;28.24;59;1.83;null;998,26;25,63045833
15/01/2017;28.66;64.75;1.5;null;998,78;28,2385
16/01/2017;27.86;72.25;0.73;null;null;30,88483333
17/01/2017;28.4;63.75;1.5;null;998,44;40,77654166
18/01/2017;27.92;81.5;0.4;null;998,72;7,632375
19/01/2017;26.04;83;0.83;null;999,74;1,08979166
20/01/2017;26.66;80.5;0.33;null;null;8,513625
21/01/2017;28.18;65.5;0.83;null;1000,07;34,067875
22/01/2017;26.9;89.25;0.53;null;999,89;25,20504166
23/01/2017;27.2;78.75;1.33;null;999,93;39,47566666
24/01/2017;28.72;68;0.93;null;1000,27;24,30841666
25/01/2017;27.42;71.25;0.83;null;1001,06;20,96104166
26/01/2017;27.36;87.25;1.26;null;1001,75;21,41170833
27/01/2017;26.96;78;0.83;null;1001,79;28,58141666
28/01/2017;26.62;78;1;null;1001,60;30,23520833
29/01/2017;27.68;77.75;0.66;null;1000,86;36,76229166
30/01/2017;27.94;63.25;0.8;null;1000,18;25,2505
31/01/2017;25.96;81.5;0.66;null;1000,69;20,32570833
01/02/2017;26.7;85.25;0.63;null;1000,12;21,73366666
02/02/2017;28.14;72;0.83;null;999,22;28,8345
03/02/2017;28.36;67.75;1.4;null;999,71;38,06216666
04/02/2017;28.2;62.25;0.9;null;999,55;36,83025
05/02/2017;28.68;66;0.6;null;998,98;22,996875
06/02/2017;28.08;78.5;1;null;998,88;28,10341666
07/02/2017;28.38;71.5;0.73;null;998,29;25,596875
08/02/2017;27.38;82;1.16;null;999,18;14,52920833
09/02/2017;26.78;92.75;0.33;null;999,13;15,93841666
10/02/2017;26.46;91;0.83;null;999,10;12,21975
11/02/2017;23.8;97;0.5;null;null;2,94270833
12/02/2017;25.7;83.5;0.83;null;null;1,46154166
13/02/2017;26.1;84.5;0.76;null;998,54;18,1085
14/02/2017;25.44;90;0.66;null;1000,50;5,36083333
15/02/2017;26.64;84.5;0.53;null;1001,03;18,541875
16/02/2017;26.96;76.75;0.5;null;1001,18;13,90916666
17/02/2017;26.34;93.25;1.13;null;1000,84;2,237125
18/02/2017;25.46;92.5;0.4;null;1001,88;0,76916666
19/02/2017;24.44;95.75;1.6;null;1001,93;4,12454166
20/02/2017;24.88;92.75;0.66;null;null;20,41866666
21/02/2017;25.5;94;0.33;null;1000,64;18,53695833
22/02/2017;27.18;77;1.33;null;999,81;30,75004166
23/02/2017;27.16;77;0.733333;null;1000,06;16,90629166
24/02/2017;26.34;91.25;0.66;null;1000,09;20,81708333
25/02/2017;27.26;82.5;0.66;null;999,30;23,90033333
26/02/2017;25.18;92.5;0.53;null;999,77;2,924375
27/02/2017;24.92;96.75;0.4;null;1000,23;3,51154166
28/02/2017;25.58;93.75;1;null;999,58;30,42329166
01/03/2017;25.52;92.5;0.43;null;999,01;4,354375
02/03/2017;25.76;93.25;0.33;0;1000,81;1,10379166
03/03/2017;25.12;91.5;0.16;null;1001,85;9,81583333
04/03/2017;25.78;95.25;0.5;0;999,51;8,20016666
05/03/2017;26.18;88.75;1.76;0;998,49;7,99775
06/03/2017;26.42;88.5;0.83;0;998,97;20,77204166
07/03/2017;26.92;86.75;0.63;3.2;999,37;20,373375
08/03/2017;25.72;90.25;0.66;1.2;999,83;7,058625
09/03/2017;25.36;86;0.83;0;999,35;6,68116666
10/03/2017;26.04;92.75;1;0;999,27;15,41491666
11/03/2017;25.32;94.25;0.3;36.8;1000,18;0,286125
12/03/2017;25.5;94;0.73;3;999,97;1,63883333
13/03/2017;25.4;95.75;0.83;12.4;999,79;6,00920833
14/03/2017;25.3;95.5;0.66;9.6;999,92;3,52858333
15/03/2017;26.22;88.5;0.56;20.8;999,37;5,49554166
16/03/2017;25.62;97;0.5;4.2;1000,14;3,86408333
17/03/2017;25.64;94.5;0.43;25;1000,77;7,20508333
18/03/2017;25.82;86.5;0.1;15;1001,21;9,02370833
19/03/2017;26.38;84;0.56;0;1001,05;12,516
20/03/2017;26.64;96;0.5;0;1001,09;12,75879166
21/03/2017;26;94.5;0.23;11.2;1002,03;2,130375
22/03/2017;24.36;97.75;0.5;3.2;1002,28;1,32616666
23/03/2017;25.32;96;0.16;32.6;1001,57;1,387875
24/03/2017;25.52;88.75;0.81;33;1000,58;4,6655
25/03/2017;26.22;87.5;0.66;6.4;999,98;11,33541666
26/03/2017;26.02;89;0.83;5.4;1000,43;8,3205
27/03/2017;25.68;93.25;0;4;1001,18;4,90975
28/03/2017;26.48;87.5;0.66;17.8;1001,05;1,84516666
29/03/2017;26.12;91.75;0.5;0.8;999,90;11,07775
30/03/2017;25.5;93.25;0.66;8.8;999,85;0,29091666
31/03/2017;25.82;92.25;0.66;16.2;1001,00;0,773125
01/04/2017;24.7;96;1.6;41;1001,95;4,4375
02/04/2017;25.48;87.25;1.6;15.6;1000,51;6,20908333
03/04/2017;26.7;87;0.5;16.8;999,70;8,77504166
04/04/2017;26.3;83.5;1.71;0;1000,14;6,42025
05/04/2017;25.72;90.75;0.5;0.2;1001,42;13,63183333
06/04/2017;26.4;79.75;0.5;13.2;1001,02;12,321
07/04/2017;26.54;81;0.66;0;999,87;14,449
08/04/2017;27.26;80.5;0.83;0;999,07;19,22920833
09/04/2017;27.24;80;0.83;0;998,69;10,74808333
10/04/2017;26.2;93;1.6;0;999,52;8,14791666
11/04/2017;24.72;89.75;0.66;13.8;1000,73;4,171125
12/04/2017;26.3;84.25;0.66;0.4;1000,25;3,97775
13/04/2017;26.32;87.75;0.5;0;1000,41;5,93333333
14/04/2017;25.58;91.5;0.16;2.6;1000,30;9,1695
15/04/2017;26.56;81.5;0.46;15.8;1000,22;17,191625
16/04/2017;26.92;77.5;0.73;0;999,69;11,50208333
17/04/2017;26.96;81.5;0.83;0;999,65;13,13945833
18/04/2017;27.14;77.5;0.16;0;999,78;7,97475
19/04/2017;26.94;87.25;0.66;0;1000,21;2,00804166
20/04/2017;26.78;83.75;0.33;4.8;999,64;8,6175
21/04/2017;26.58;86;0.66;21.2;1000,34;8,68404166
22/04/2017;26.12;90;0.5;0.2;1001,48;4,11370833
23/04/2017;25.32;95.5;0.66;20.8;1001,71;4,07125
24/04/2017;25.66;89.5;0.33;29;1001,15;8,383
25/04/2017;26.82;80.75;1;0.4;1000,02;20,224
26/04/2017;26.46;83.25;0.4;0.2;999,89;17,08966666
27/04/2017;26.26;84.75;0.66;0;1000,70;13,60358333
28/04/2017;26.4;89.25;0.43;0;1000,68;12,973
29/04/2017;27.16;80.5;0.66;1;1000,75;2,89395833
30/04/2017;26.06;89;0.36;0;1001,55;0,45316666
01/05/2017;26.36;82;0.66;0.4;1001,48;5,71979166
02/05/2017;25.62;92.5;0.43;0.4;1000,90;6,102
03/05/2017;26.88;80.25;0.66;0;1000,31;7,66766666
04/05/2017;26.4;81.25;0.63;0.8;1000,20;14,483
05/05/2017;26.32;78;0.83;0;1000,31;8,41629166
06/05/2017;26.06;84;0.36;0;1000,03;10,455
07/05/2017;26.78;87.75;0.43;0;999,56;6,700875
08/05/2017;26;95.5;0.26;8.2;999,30;7,72258333
09/05/2017;26.12;90.5;0.44;20.4;1000,22;11,21729166
10/05/2017;26.84;82;0.5;0.2;1000,03;15,69566666
11/05/2017;27.24;83.5;0.66;0;999,95;15,95675
12/05/2017;27;80;0.7;0;1001,15;13,50433333
13/05/2017;25.64;86;0.26;0;1002,01;7,496375
14/05/2017;27.24;80;0.56;0.2;1001,97;17,1675
15/05/2017;26.68;81;0.56;0;1001,80;25,02508333
16/05/2017;26.2;83.75;1.6;0;1001,30;26,03229166
17/05/2017;26.64;85.25;0.5;0.2;1001,08;24,53095833
18/05/2017;26.3;87.5;0.53;12;1000,51;17,913875
19/05/2017;26.42;83.75;0.66;10;999,26;28,97725
20/05/2017;27.26;79.5;0.83;0;999,97;25,18304166
21/05/2017;26.44;74.25;1;0;1000,33;31,08554166
22/05/2017;25.96;73;0.66;0;1000,59;28,77529166
23/05/2017;26.04;71.5;0.56;0;1001,67;9,77870833
24/05/2017;26.24;77.75;0.4;0.2;1002,44;9,334875
25/05/2017;26.6;80.75;0.66;0;1002,66;5,05775
26/05/2017;26.22;85;0.5;0;1002,51;12,87491666
27/05/2017;26.44;78.25;0.56;3;1002,43;2,52258333
28/05/2017;26.08;93;0.5;1.2;1002,74;0,267125
29/05/2017;23.76;93.75;0.5;35.2;1004,03;3,57925
30/05/2017;26.48;84.5;0.16;0.2;1002,48;9,52454166
31/05/2017;26.16;86.5;0.66;0;1002,45;13,923625
01/06/2017;25.9;85.5;0.33;0.2;1003,20;22,901
02/06/2017;26.1;80;0.83;0.2;1003,17;36,319125
03/06/2017;26.38;79.25;0.66;2.6;1002,73;21,19179166
04/06/2017;26.9;75.5;1;0;1002,16;17,53225
05/06/2017;25.66;76.25;0.4;0;1001,60;15,0885
06/06/2017;25.58;71.75;0.66;0.2;1000,83;21,38591666
07/06/2017;25.2;74.75;0.43;0;999,92;15,34358333
08/06/2017;25.44;72.75;0.83;0;1000,28;12,0045
09/06/2017;26.02;73.75;0.46;0;1001,07;6,072375
10/06/2017;26.8;73.5;0.6;0;1002,14;24,36933333
11/06/2017;25.58;91.25;0.4;0.2;1002,72;16,17683333
12/06/2017;26.36;78;1;9.2;1002,92;18,62620833
13/06/2017;26.06;71;0.66;2;1001,86;20,41970833
14/06/2017;25.76;78.5;0.66;0;1002,41;9,24695833
15/06/2017;26.44;69.5;0.66;0;1002,58;22,54575
16/06/2017;25.22;81.5;0.5;0;1003,01;6,99170833
17/06/2017;25.44;76;0.53;0.2;1001,09;11,54470833
18/06/2017;26.7;71.25;0.66;0;1000,38;11,70070833
19/06/2017;27.24;70.5;0.46;0;1001,48;11,10004166
20/06/2017;26.68;71;0.66;0;1001,77;12,63108333
21/06/2017;27;70.75;0.66;0;1001,22;14,86225
22/06/2017;26.98;61;0.83;0;1000,66;14,28570833
23/06/2017;26.28;64;1.33;0.2;1000,88;4,07395833
24/06/2017;26.78;78;0.56;0;1002,13;8,056
25/06/2017;28.14;65;0.2;0;1001,33;1,03004166
26/06/2017;27.88;56.5;1.16;0;1001,07;22,54183333
27/06/2017;27.1;61.5;0.7;0;1001,48;14,26716666
28/06/2017;26.8;62.75;1.16;0;1002,24;11,20075
29/06/2017;26.7;68;1.26;0;1002,74;17,27995833
30/06/2017;26.34;75;0.66;0;1003,51;22,73791666
01/07/2017;25.48;90;0.15;0.2;1004,23;10,14025
02/07/2017;27.16;77;0.35;0.8;1004,10;10,10870833
03/07/2017;26.68;73;0.15;0.2;1004,00;10,73083333
04/07/2017;26.7;60;0.6;0;1004,33;14,647625
05/07/2017;27.12;64;0.4;0;1004,46;17,77645833
06/07/2017;26.3;76;0.5;0;1004,18;3,80220833
07/07/2017;26.72;70;1;0;1003,94;7,425
08/07/2017;28.4;59;1;0;1003,35;2,70304166
09/07/2017;28.56;59;0.75;0;1003,34;8,45541666
10/07/2017;27.92;25;0.85;0;1003,26;6,68195833
11/07/2017;27.28;68;0.15;0;1003,16;5,1865
12/07/2017;27.22;59;0.35;0;1003,34;6,100375
13/07/2017;27.58;44;0.6;0;1003,30;15,39820833
14/07/2017;27.58;60;0.8;0;1003,05;8,66608333
15/07/2017;27.7;51;0.9;0;1002,93;4,932625
16/07/2017;28.22;61;1;0;1002,32;2,98254166
17/07/2017;26.96;63;0.55;0;1002,76;3,173375
18/07/2017;26.82;59;1.25;0;1003,88;9,688625
19/07/2017;27.28;68;0.85;0;1003,63;17,20466666
20/07/2017;26.94;74;0.5;0;1003,97;26,08604166
21/07/2017;25.14;94;0;0;1004,50;11,36683333
22/07/2017;26.98;70;0.8;6.2;1004,52;24,91704166
23/07/2017;26.94;73;0.75;0.2;1004,43;29,01945833
24/07/2017;27.48;60;0.6;0;1005,28;25,89108333
25/07/2017;27.56;57;0.6;0;1004,23;11,31770833
26/07/2017;28;61;1.1;0;1002,69;8,64866666
27/07/2017;27.22;61;0.55;0;1002,14;7,40325
28/07/2017;28.16;53;0.75;0;1002,76;17,18670833
29/07/2017;28.68;64;1.5;0;1003,84;29,46404166
30/07/2017;27.48;57;0.65;0;1003,98;19,46416666
31/07/2017;27.04;58;1.33;0;1003,41;23,45995833
01/08/2017;28.04;56.75;0.9;0;1002,67;33,989625
02/08/2017;28.7;56.75;1.66;0;1003,76;34,51845833
03/08/2017;27.92;55.5;0.83;0;1004,10;25,544875
04/08/2017;27.4;59.75;1;0;1003,10;33,63695833
05/08/2017;27.76;61.75;1.16;0;1002,75;32,06429166
06/08/2017;27.86;60.25;1.33;0;1002,68;34,51775
07/08/2017;27.56;58;1.33;0;1003,20;43,976125
08/08/2017;27.86;51.25;1.33;0;1002,92;39,67795833
09/08/2017;27.9;53.5;0.86;0;1002,77;24,45370833
10/08/2017;27.88;56;1.16;0;1001,97;34,01370833
11/08/2017;27.86;54.25;1.9;0;1001,81;30,75725
12/08/2017;27.52;50.75;1.56;0;1002,38;36,49291666
13/08/2017;28.32;49.75;0.66;0;1002,15;29,458625
14/08/2017;28.2;60;1;0;1001,24;28,429
15/08/2017;27.7;60.25;0.83;0.2;1000,87;37,92470833
16/08/2017;27.2;56.5;1.16;0;1001,76;29,71695833
17/08/2017;27.66;52.5;1.06;0;1000,92;35,56745833
18/08/2017;27.8;60.5;1;0;1000,51;32,308625
19/08/2017;27.92;63;1.33;0;1000,55;40,87554166
20/08/2017;28.28;58.5;1.5;0;1001,67;43,916625
21/08/2017;28.04;56;0.8;0;1002,63;30,000875
22/08/2017;28.72;57.75;1.5;0;1001,42;22,42925
23/08/2017;28.34;55;0.9;0;1000,90;16,1575
24/08/2017;28.52;53;1;0;1001,38;36,116375
25/08/2017;28.96;51;0.6;0;1001,51;38,09241666
26/08/2017;27.2;65.5;1.06;1.4;1002,15;29,02316666
27/08/2017;28.74;47.75;1.63;0.4;1001,50;37,8845
28/08/2017;28.3;52.75;1.33;0;1001,28;42,01983333
29/08/2017;28.4;48.75;2;0;1001,65;37,74866666
30/08/2017;27.88;54.25;1.66;0;1002,22;39,22216666
31/08/2017;28.1;55;1.06;0;1002,38;43,806375
01/09/2017;28.52;49.75;1.16;0;1003,44;43,052
02/09/2017;28.42;50.5;1.33;0;1004,20;37,09720833
03/09/2017;27.92;53.5;1.16;0;1002,71;22,67904166
04/09/2017;27.68;50.5;1.56;0;1002,42;29,76875
05/09/2017;27.72;52.5;1.33;0;1002,56;42,09958333
06/09/2017;27.74;58.75;2.83;0;1003,15;46,570875
07/09/2017;27.8;56.75;1.33;0;1001,94;25,43041666
08/09/2017;28.48;56;1.9;0;1000,36;33,60245833
09/09/2017;29.44;44.75;2.5;0;1000,68;47,82783333
10/09/2017;29.22;52.25;3.33;0;1000,65;34,35591666
11/09/2017;29.44;41;2.16;0;1001,52;37,12154166
12/09/2017;28.5;51;2;0;1002,08;34,03466666
13/09/2017;28.26;55.5;1;0;1002,34;28,36654166
14/09/2017;28.6;54.25;1.16;0;1001,81;28,90304166
15/09/2017;28.88;48.5;1.5;0;1002,18;29,87225
16/09/2017;28.64;47.5;1.16;0;1002,08;33,51520833
17/09/2017;28.72;49.5;1.16;0;1001,97;43,89770833
18/09/2017;28.52;55;1.13;0;1001,75;41,91258333
19/09/2017;28.52;54.25;1.5;0;1001,59;27,36245833
20/09/2017;28.74;54.5;1.06;0;1002,13;30,42645833
21/09/2017;28.88;50;1.33;0;1002,36;44,36566666
22/09/2017;28.42;52;2.16;0;1002,27;50,91091666
23/09/2017;28.72;56.25;0.9;0;1001,83;31,430375
24/09/2017;28.4;54.75;1.33;0;1000,48;23,977625
25/09/2017;28.22;55.75;1.83;0;1000,95;35,46495833
26/09/2017;28.82;49.5;1.66;0;1000,33;38,59195833
27/09/2017;28.98;54.25;1.5;0;1000,60;33,51729166
28/09/2017;29;54.25;2.16;0;1001,67;40,829875
29/09/2017;28.54;53.5;1.83;0;1000,91;38,91804166
30/09/2017;28.08;48;1.33;0;999,76;38,11120833
01/10/2017;27.8;52.25;2;0;998,44;45,076875
02/10/2017;28.08;53;3.33;0;998,56;48,409375
03/10/2017;29.46;52;1.33;0;999,71;44,1675
04/10/2017;28.9;53.75;3.33;0;999,97;44,88520833
05/10/2017;29.08;51.25;2.16;0;1000,85;45,75345833
06/10/2017;29.32;47.25;3.16;0;1001,63;42,48608333
07/10/2017;29.18;50.25;0.73;0;1001,10;44,89325
08/10/2017;28.48;57.25;0.93;0;1000,09;34,459125
09/10/2017;28.58;57.25;1.33;0;1000,16;28,33275
10/10/2017;28.82;56;1.4;0;1000,27;35,75283333
11/10/2017;27.98;62.75;2.33;0;999,92;48,18779166
12/10/2017;28.7;57.25;1.33;0;999,67;43,97191666
13/10/2017;28.38;56.75;1.33;0;999,24;47,33733333
14/10/2017;28.62;58.5;1.33;0;999,77;48,15075
15/10/2017;28.06;68.5;2.33;0;1000,84;48,8013913
16/10/2017;28.4;63.75;1;0;1001,75;46,66945833
17/10/2017;28.38;62.25;1.16;0;1002,23;45,07891666
18/10/2017;28.38;58.25;2.66;0;1001,89;44,82375
19/10/2017;28.84;52;2.16;0;1001,26;41,68883333
20/10/2017;28.74;51.25;3;0;1001,14;43,97579166
21/10/2017;29.18;54.75;3.33;0;1000,82;44,440875
22/10/2017;29.28;45.75;2.5;0;1000,51;43,36041666
23/10/2017;29.16;47;1.5;0;999,49;37,380875
24/10/2017;29.08;59;1.66;0;998,94;42,51533333
25/10/2017;30;50.75;2.5;0;999,07;38,51575
26/10/2017;29.86;53;3.5;0;999,39;39,28379166
27/10/2017;29.88;54.5;1.5;0;999,33;43,02545833
28/10/2017;29.34;54.25;2;0;999,40;42,371625
29/10/2017;29.26;58.25;1.66;0;998,52;35,23870833
30/10/2017;28.56;62.25;1.66;0;997,88;43,294625
31/10/2017;28.54;59.5;1.33;0;998,54;26,92083333
01/11/2017;28.46;59.25;1;0;1000,05;30,48991666
02/11/2017;28.4;56.25;1.83;0;1000,31;43,81904166
03/11/2017;28.98;54.5;2.16;0;999,88;46,43333333
04/11/2017;28.8;50.5;2.4;0;999,89;48,48333333
05/11/2017;29.1;48.5;1.16;0;999,79;41,08979166
06/11/2017;28.5;54.75;2;0;999,15;41,89491666
07/11/2017;28.06;62;1.1;0;998,05;39,94566666
08/11/2017;27.78;60.5;1;0;998,81;32,01525
09/11/2017;26.94;59.5;1.16;0;999,15;43,27325
10/11/2017;27.28;57.5;0.76;0;998,12;45,450875
11/11/2017;28.04;53;1.5;0;997,58;42,871
12/11/2017;28.2;55;2.16;0;997,93;40,64095833
13/11/2017;28.66;56.75;3.83;0;998,20;43,85925
14/11/2017;28.08;57.25;1.83;0;998,58;44,02183333
15/11/2017;28.06;56.25;2.16;0;998,97;45,201125
16/11/2017;28.24;51;2;0;999,88;46,98391666
17/11/2017;27.98;57.75;1.53;0;999,44;41,47191666
18/11/2017;27.94;56.25;1.66;0;998,11;44,12029166
19/11/2017;28.24;53.25;1.73;0;998,59;39,79558333
20/11/2017;28.12;59.25;1.33;0;998,58;44,91808333
21/11/2017;28.62;58.25;2.13;0;998,45;43,56195833
22/11/2017;27.96;58.5;1.5;0;999,20;35,72879166
23/11/2017;28.48;56.5;1.66;0;999,78;41,139
24/11/2017;28.52;57;2;0;1000,50;34,44454166
25/11/2017;28.48;57.5;2.33;0;1000,25;37,86766666
26/11/2017;28.68;51.5;1.83;0;1000,23;36,2475
27/11/2017;28.64;56.75;2;0;1000,71;40,61020833
28/11/2017;28.52;57.75;2.33;0;1000,33;43,425625
29/11/2017;28.22;62.5;1.06;0;999,37;39,03891666
30/11/2017;27.74;64.5;2.33;0;998,51;40,74470833
01/12/2017;28.44;61;1.75;0;998,70;42,255
02/12/2017;28.42;57;2;0;999,23;45,23529166
03/12/2017;29.04;56;3;0;998,88;40,73404166
04/12/2017;29.24;60;3;0;999,01;38,25995833
05/12/2017;29.44;57;2;0;999,40;41,95166666
06/12/2017;29.1;66;2;0;997,97;40,89375
07/12/2017;29.04;62;1.75;0;998,17;33,677
08/12/2017;28.34;74;2;0;999,16;27,31966666
09/12/2017;28.34;74;2;0;999,15;20,896375
10/12/2017;28.72;69;2.5;0;998,28;18,8055
11/12/2017;28.96;66;1.5;0;998,84;33,12470833
12/12/2017;29.14;61;1.5;0;998,77;37,32120833
13/12/2017;29.18;62;1.25;0;999,58;40,86145833
14/12/2017;28.56;64;2.75;0;1000,40;33,76958333
15/12/2017;28.22;70;2.25;0;1000,45;27,075875
16/12/2017;28.26;66;2.25;0;1000,28;37,79920833
17/12/2017;28.72;63;2;0;1000,02;41,33491666
18/12/2017;29.06;63;2;0;999,95;28,929875
19/12/2017;28.64;67;1;0;1000,58;25,14975
20/12/2017;28.04;67;1.25;0;999,55;30,42129166
21/12/2017;28.4;70;1.75;0;999,88;30,25504166
22/12/2017;26.52;86;0.75;0;1000,38;17,11854166
23/12/2017;26.8;89;0.5;2;999,96;23,89883333
24/12/2017;28.24;71;1;2.4;998,69;28,35629166
25/12/2017;28.56;75;2.5;0;998,29;33,64683333
26/12/2017;29.12;70;2.25;0;998,70;36,9515
27/12/2017;28.34;69;2;0;998,79;36,579
28/12/2017;29.2;69;1.5;0;998,58;28,92875
29/12/2017;29.16;67;1.5;0;999,15;31,37866666
30/12/2017;29.36;;1.5;0;999,65;44,6555
31/12/2017;29.36;57.5;1.56;0;1000,24;47,52695833
01/01/2018;29.32;55.25;2.83;0;1000,05;37,21320833
02/01/2018;28.66;62.25;2.16;0;999,16;20,748375
03/01/2018;28.84;58.25;2;0;999,43;20,85233333
04/01/2018;28.66;64;2.33;0;1001,03;16,97958333
05/01/2018;28.46;62;1.16;0;1001,93;23,64533333
06/01/2018;29.02;56.75;1.16;0;1000,58;23,19604166
07/01/2018;27.86;61.5;1;0;1000,20;32,03429166
08/01/2018;28.5;59.75;2.5;2.2;1000,26;31,53058333
09/01/2018;28.4;62.5;1.6;1;1000,60;27,63429166
10/01/2018;27.78;61.25;1.6;0;1001,56;19,509375
11/01/2018;28.48;55.25;1.33;0;1001,20;34,045
12/01/2018;27.98;57.5;1.5;0;1000,37;26,44216666
13/01/2018;28.22;65;1.9;0;999,80;30,30504166
14/01/2018;28.46;63.5;1.26;0;1000,28;32,91875
15/01/2018;29.4;50.75;1.66;0;1000,05;38,46870833
16/01/2018;29.86;49.25;1.56;0;1000,13;36,27995833
17/01/2018;29.4;52.25;2.33;0;999,36;38,63354166
18/01/2018;27.76;66.5;3.5;0;1000,15;29,66066666
19/01/2018;28.68;59.75;2.33;1.2;1000,81;17,67741666
20/01/2018;28.54;63.5;0.83;0.8;1000,56;14,29475
21/01/2018;28.48;65;1.5;0;999,57;16,980375
22/01/2018;29.16;59.25;1.1;0;998,15;27,47633333
23/01/2018;29;67.5;1.83;0.2;998,13;30,37508333
24/01/2018;27.38;84.25;0.83;0;998,79;25,91170833
25/01/2018;26.36;82;0.83;34.4;999,18;3,74283333
26/01/2018;27.54;74.25;2.26;0.2;998,64;8,61920833
27/01/2018;25.06;88.75;0.83;0;998,98;13,85083333
28/01/2018;25.78;77;0.66;17.2;998,63;12,32941666
29/01/2018;26.92;73.75;0.66;0.4;997,82;13,62520833
30/01/2018;27.82;65.5;2.06;0;997,36;32,83070833
31/01/2018;28.68;59.75;1.5;0;997,55;36,134125
01/02/2018;28.8;62.5;1.93;0;997,61;30,19308333
02/02/2018;25.84;89;1.33;0;997,86;11,674125
03/02/2018;25.72;91.5;1.5;20.4;997,38;16,077375
04/02/2018;26.28;85;0.83;21.8;998,35;6,77525
05/02/2018;25.52;92.25;4.03;1.8;998,85;10,4335
06/02/2018;25.64;88;0.80;1.6;999,11;3,22341666
07/02/2018;26.78;87.25;0.86;35.4;999,38;4,67933333
08/02/2018;26.4;83.25;1.33;25.4;999,88;29,13804166
09/02/2018;26.62;72.75;1.9;0.6;1000,49;24,19683333
10/02/2018;26.08;81;0.75;0;1000,54;8,46625
11/02/2018;24.64;92;0.13;2;1000,35;1,37970833
12/02/2018;24.12;93.75;0.5;8.6;1000,58;1,39908333
13/02/2018;23.8;90.25;0.66;6.8;1000,68;1,429625
14/02/2018;23.66;90.5;0.66;8.6;1001,20;1,16641666
15/02/2018;24.74;85.25;0.26;36.4;1002,25;0,733375
16/02/2018;25.98;90.25;0.83;0.2;1001,44;6,192375
17/02/2018;25.96;83.75;0.83;12;1000,70;7,006875
18/02/2018;25.88;87.25;1.83;0.2;999,93;0,03308333
19/02/2018;25.76;94.5;0.43;0.2;999,38;5,88566666
20/02/2018;26.14;85;1;5.8;999,22;11,783
21/02/2018;25.96;87.75;0.66;1.4;999,85;7,07925
22/02/2018;25.28;91.25;1.16;0.2;1000,54;1,277375
23/02/2018;26.16;86.25;0.23;4.6;1000,55;0,19725
24/02/2018;26.12;87.5;0.43;0;999,35;2,33733333
25/02/2018;25.76;92.5;0.3;0.2;1000,21;0,27341666
26/02/2018;26.36;85.75;0.5;17;1001,10;0,882125
27/02/2018;27;80.5;0.7;2.8;1000,61;19,4125
28/02/2018;26.46;86;0.83;0.4;1000,12;19,05083333
01/03/2018;25.44;91.5;0.6;13.6;1002,15;8,46533333
02/03/2018;25.34;84;0.5;7.8;1002,81;0,9285
03/03/2018;26.42;81.75;0.83;5.8;1000,57;19,12033333
04/03/2018;25.72;83.75;0.5;1.2;998,97;27,84329166
05/03/2018;25.28;92.75;0.53;0.4;999,35;6,564375
06/03/2018;26.48;80.25;0.83;1.6;999,58;16,89879166
07/03/2018;26.7;86.5;0.76;2.4;1000,10;11,8905
08/03/2018;26.04;88.5;0.83;0.2;1000,31;7,06841666
09/03/2018;26.06;88.5;0.66;3.6;1001,29;7,05891666
10/03/2018;26.34;86.5;1;2.2;1001,54;7,650375
11/03/2018;26.56;87;0.16;3.6;1000,94;9,78858333
12/03/2018;26.38;87;1;2.2;1000,75;15,09716666
13/03/2018;26.4;86;0.56;1.6;1000,38;13,708125
14/03/2018;26.96;85.25;0.5;1.2;1000,74;21,50083333
15/03/2018;26.96;81.75;0.36;1.2;1000,60;25,63495833
16/03/2018;27.24;72.75;1.16;0.8;1000,32;20,08516666
17/03/2018;27.6;77.25;0.66;0.6;999,38;9,71879166
18/03/2018;27.4;78.5;1;0.6;998,61;15,36320833
19/03/2018;26.94;81.75;0.53;0.4;998,86;14,94195833
20/03/2018;27.02;79.25;1;0.4;999,66;17,53820833
21/03/2018;27.76;73.5;0.6;0.2;999,97;9,15879166
22/03/2018;26.38;85.5;1.16;0.2;1000,02;8,07379166
23/03/2018;26.88;80;0.8;0;999,25;16,07916666
24/03/2018;27.68;77.5;0.66;0.2;998,91;7,89316666
25/03/2018;27.46;78.25;0.56;0;999,53;1,95995833
26/03/2018;25.72;90.75;0.5;0;1000,62;0,23079166
27/03/2018;25.36;89.5;0.1;0;1000,76;5,656375
28/03/2018;26.06;85.5;0.66;0.2;999,26;1,98683333
29/03/2018;25.1;93.75;0.23;0;999,11;0,124875
30/03/2018;25.48;96.75;0.5;0;999,59;0,28991666
31/03/2018;26.96;81.25;0.66;0;999,34;12,97570833
01/04/2018;26.44;84.75;0.83;null;998,74;7,88108333
02/04/2018;25.52;95.5;0.1;null;998,89;4,46870833
03/04/2018;25.92;85;0.66;null;998,04;2,39091666
04/04/2018;25.72;94;0.5;null;998,18;4,891625
05/04/2018;25.82;87;1;null;998,50;2,06308333
06/04/2018;25.6;;0.35;null;999,10;4,94616666
07/04/2018;25.54;90.25;0.06;null;1000,05;0,53420833
08/04/2018;25.9;86.5;0.23;null;1000,94;1,277
09/04/2018;25.12;83.25;0.66;null;1000,46;4,78833333
10/04/2018;24.24;95;0.1;null;1001,05;3,504375
11/04/2018;24.48;87;0.33;null;1000,87;1,30433333
12/04/2018;24.7;95.5;0;null;1001,09;0,01220833
13/04/2018;24.88;89.5;0.5;null;1001,88;1,94066666
14/04/2018;26;85;0.66;null;1002,49;1,6945
15/04/2018;25.6;85.75;0.66;null;1002,57;4,17583333
16/04/2018;25.12;93;0.1;null;1001,83;0,951125
17/04/2018;24.28;91.5;0.16;null;1002,60;0,34245833
18/04/2018;25.52;86.25;0.36;null;1003,29;10,838625
19/04/2018;25.76;85;0.83;null;1003,30;13,67175
20/04/2018;26.68;81.25;0.26;null;1001,88;9,707375
21/04/2018;26.42;84.5;0.4;null;1000,23;7,63216666
22/04/2018;25.62;89.25;0;null;1000,16;5,63308333
23/04/2018;25.48;85.5;0.83;null;1001,08;4,93941666
24/04/2018;25.86;84.5;0.33;null;1001,66;2,06995833
25/04/2018;25.88;81.5;0.33;null;1001,99;3,784125
26/04/2018;25.54;89.25;0.16;null;1001,80;5,400875
27/04/2018;26.66;77.5;1;null;1000,98;11,55079166
28/04/2018;26.58;83.25;0.66;null;1001,25;5,46383333
29/04/2018;26.22;78.75;0.83;null;1001,41;14,45745833
30/04/2018;25.74;93.5;0.15;null;1001,71;3,99016666
01/05/2018;26.16;83.5;0.43;null;1002,19;3,7535
02/05/2018;26.08;88.25;0.13;null;1002,46;3,789125
03/05/2018;26.48;80.5;0.5;null;1001,74;3,974625
04/05/2018;26.1;87.5;0.43;null;1000,83;3,86816666
05/05/2018;25.68;85;0.26;null;1001,31;1,338125
06/05/2018;25.84;87;0.3;null;1001,77;1,238
07/05/2018;24.94;92;0.83;null;1002,18;2,1235
08/05/2018;25.78;85.25;0.4;null;1001,49;0,320625
09/05/2018;25.64;90.75;0.5;null;1001,44;1,9105
10/05/2018;24.12;91.75;0;null;1002,39;12,95120833
11/05/2018;25.22;92.25;0.33;null;1001,84;0,64458333
12/05/2018;26;90.25;1.16;null;1002,10;11,746375
13/05/2018;25.36;89.25;0.66;null;1000,96;4,92379166
14/05/2018;26.02;84.25;0.56;null;1000,35;17,061625
15/05/2018;25.74;80;1;null;1000,98;9,973
16/05/2018;25.66;81.25;0.56;null;1000,98;8,69445833
17/05/2018;26;84;0.5;null;1001,03;2,36254166
18/05/2018;25.56;82;0.9;null;1000,90;19,38645833
19/05/2018;25.8;81.25;0.73;null;1001,41;15,12054166
20/05/2018;26.58;79.25;0.2;null;1000,92;3,29720833
21/05/2018;26.04;81.5;1;null;1000,14;6,6525
22/05/2018;25.44;85.75;0.33;null;1001,50;14,13520833
23/05/2018;25.46;77.5;0.5;null;1002,50;17,58904166
24/05/2018;25.36;93.25;0.13;null;1003,45;1,38133333
25/05/2018;25.44;87;0.66;null;1002,34;8,12720833
26/05/2018;25.9;82.75;1;null;1001,33;10,45133333
27/05/2018;26.26;88.25;0.5;null;1001,49;8,73566666
28/05/2018;25.58;78;0.2;null;1002,33;9,95820833
29/05/2018;25.34;82.25;0.5;null;1002,12;8,31079166
30/05/2018;25.86;69.75;0.26;null;1002,09;4,187625
31/05/2018;25.66;74;0.66;null;1001,34;4,08916666
01/06/2018;25.2;82.5;0;null;1001,23;2,69875
02/06/2018;26.52;78.25;0.66;null;1001,76;20,24329166
03/06/2018;25.78;83.75;0.1;null;1002,53;10,84925
04/06/2018;26.12;81;0.66;null;1002,42;21,12491666
05/06/2018;24.8;85;0.16;null;1001,56;12,19108333
06/06/2018;25.72;74.25;0.66;null;1001,22;25,17041666
07/06/2018;24.7;90.75;0.5;null;1003,05;14,59183333
08/06/2018;25.22;86;0.533;null;1004,07;33,60858333
09/06/2018;25.54;76.5;1.16;null;1004,09;28,27279166
10/06/2018;24.68;79;0.66;null;1003,00;26,12295833
11/06/2018;24.46;75.5;0.6;null;1002,22;22,76745833
12/06/2018;24.72;70;0.66;null;1002,34;6,8615
13/06/2018;25.72;65.5;1.93;null;1002,37;18,875875
14/06/2018;25.84;64.25;1;null;1003,50;18,56083333
15/06/2018;26.34;69.5;0.9;null;1004,04;19,33775
16/06/2018;26.26;73.75;1;null;1004,63;23,80791666
17/06/2018;25.68;74.5;0.83;null;1005,36;23,27595833
18/06/2018;24.72;83.25;0.83;null;1005,95;8,06445833
19/06/2018;25.58;79.5;0.33;null;1004,98;11,31558333
20/06/2018;26.04;75;1.16;null;1004,05;11,43179166
21/06/2018;25.94;68.5;0.66;null;1003,89;13,77670833
22/06/2018;24.88;72.5;0.66;null;1003,82;13,49758333
23/06/2018;25.88;66;1.5;null;1002,11;11,03345833
24/06/2018;26.18;55.5;0.83;null;1001,83;18,579
25/06/2018;26.78;66.75;0.4;null;1001,66;9,43579166
26/06/2018;26.16;65.75;1;null;1001,74;7,74875
27/06/2018;26.34;70.5;0.56;null;1001,94;9,53283333
28/06/2018;26.72;67.5;1.16;null;1001,28;17,800625
29/06/2018;26.56;67;1.33;null;1001,21;12,79170833
30/06/2018;26.5;63.75;1.16;null;1000,52;11,14083333
01/07/2018;26.96;73;0.65;null;1000,06;9,259125
02/07/2018;27.32;81;0.75;0;1000,25;9,18004166
03/07/2018;27.32;72;1.25;0;1000,72;10,62666666
04/07/2018;27.16;72;0.6;0;1000,87;16,064875
05/07/2018;26.6;66;1;0;1001,69;14,04833333
06/07/2018;26.76;73;1.25;0;1002,11;20,76920833
07/07/2018;25.08;95;0.5;6.6;1003,17;12,61841666
08/07/2018;25.72;91;0.25;2.4;1002,88;5,024
09/07/2018;26.94;81;0.25;1.8;1002,22;5,36958333
10/07/2018;25.3;90;0.25;0.2;1004,24;17,17754166
11/07/2018;26.36;81;0.5;1.2;1004,28;32,429
12/07/2018;26.84;77;1;0.2;1004,01;17,45575
13/07/2018;27.32;72;0.7;0;1003,29;16,62908333
14/07/2018;26.42;68;1.35;0;1003,44;22,579
15/07/2018;26.18;70;0.95;0;1003,43;17,26891666
16/07/2018;27.24;71;0.75;0;1003,61;13,18679166
17/07/2018;26.86;69;0.6;0;1003,88;26,34379166
18/07/2018;26.76;74;0.4;0;1002,90;18,215125
19/07/2018;26.94;72;0.55;0;1001,30;14,40604166
20/07/2018;26.62;61;1.5;0;1001,67;21,76295833
21/07/2018;26.72;72;0.5;0;1001,74;19,70441666
22/07/2018;26.92;74;1.5;0;1001,54;14,44529166
23/07/2018;27.72;67;1.25;0;1002,04;15,81825
24/07/2018;27.5;65;1;0;1003,46;19,48925
25/07/2018;27.06;70;0.85;0;1003,85;30,289875
26/07/2018;27.4;69;1;0;1004,28;28,64025
27/07/2018;27.26;70;1;0;1003,54;25,6095
28/07/2018;27.04;72;1.25;0;1002,57;25,262875
29/07/2018;27.26;69;1;0;1002,56;33,46058333
30/07/2018;26.44;75;0.5;0;1002,65;38,74404166
31/07/2018;26.6;;1.5;0;1002,47;36,02591666
01/08/2018;26.82;71;1.03;0;1001,98;25,23575
02/08/2018;27.2;68.5;1.33;0;1001,66;26,21333333
03/08/2018;27.16;64;1;0;1001,90;28,96145833
04/08/2018;26.98;60;0.833;0;1002,52;31,35920833
05/08/2018;26.92;66;1.16;0;1001,51;30,66404166
06/08/2018;27.12;63.75;1.33;0;1002,61;26,81258333
07/08/2018;27.12;62.25;1.4;0;1003,38;31,30216666
08/08/2018;27.78;62.5;2.16;0;1003,76;29,93741666
09/08/2018;27.22;61;0.66;0;1003,76;25,560125
10/08/2018;27.76;65;1.16;0;1003,40;23,49445833
11/08/2018;27.36;65.25;2.16;0;1004,02;32,25566666
12/08/2018;26.98;69.5;1.5;0;1003,82;33,43766666
13/08/2018;27.3;62.5;1.06;0;1002,26;33,07133333
14/08/2018;27.56;70.25;2.66;0;1001,72;30,02741666
15/08/2018;27.38;58.75;2.33;0;1002,79;37,52108333
16/08/2018;26.76;64.75;1.5;0;1004,85;26,46466666
17/08/2018;27.62;56.5;2.16;0;1004,85;28,678375
18/08/2018;27.24;52.25;2.83;0;1004,28;26,070625
19/08/2018;27.16;54.75;4.16;0;1003,93;27,99404166
20/08/2018;27.44;53.5;2;0;1004,32;23,0815
21/08/2018;27.84;52.25;2.33;0;1003,80;27,39070833
22/08/2018;28.04;50.5;1.33;0;1003,34;20,672625
23/08/2018;27.8;53.25;1.83;0;1002,42;24,41258333
24/08/2018;27.64;60.25;1.66;0;1002,02;31,24541666
25/08/2018;27.82;68.25;1.16;0;1002,84;23,14566666
26/08/2018;28.6;67;1.83;0;1002,45;18,83170833
27/08/2018;28.3;50;2.56;0;1002,17;31,61216666
28/08/2018;27.76;59.5;2;0;1002,93;26,24329166
29/08/2018;27.88;61.5;2;0;1002,44;16,77116666
30/08/2018;27.4;68.25;1.66;0;1001,03;16,99683333
31/08/2018;27.2;59;1.6;0;1000,81;24,951875
01/09/2018;27.72;55.5;1.5;0;1001,31;30,81379166
02/09/2018;27.5;59;1.16;0;1001,00;40,87195833
03/09/2018;27.92;57.5;1.5;0;1000,85;42,73425
04/09/2018;27.88;58.25;2.5;0;999,83;39,55804166
05/09/2018;28.08;67.5;2;0;1001,20;35,60883333
06/09/2018;27.98;59;2.5;0;1002,00;27,81583333
07/09/2018;28;57.75;1.5;0;1001,38;29,60475
08/09/2018;28.2;53;1.16;0;1000,43;23,88241666
09/09/2018;27.6;54.5;1.33;0;1000,61;28,7235
10/09/2018;28.36;63.25;1.73;0;1000,69;28,87883333
11/09/2018;28.32;64.75;1.83;0;1001,23;39,7355
12/09/2018;28.2;51.75;3;0;1001,58;38,401125
13/09/2018;27.92;47.25;1.83;0;1001,36;42,339625
14/09/2018;27.68;47.5;1.83;0;999,91;40,255
15/09/2018;27.9;49.75;3;0;1000,11;45,03704166
16/09/2018;29.02;53.25;2.83;0;1000,07;44,67958333
17/09/2018;28.76;53;2;0;999,97;42,56420833
18/09/2018;28.52;54.75;2.5;0;999,87;43,54691666
19/09/2018;28.9;52.75;2.5;0;1000,80;46,34745833
20/09/2018;28.8;51.75;1.66;0;1001,26;39,07791666
21/09/2018;28.76;47.75;1.66;0;1000,79;36,97158333
22/09/2018;28.36;57;1.83;0;999,86;33,58654166
23/09/2018;28.06;55;2;0;1000,09;41,83245833
24/09/2018;27.74;60.75;3.23;2;1000,56;39,700625
25/09/2018;28.52;56.25;2;0;1000,03;42,97845833
26/09/2018;27.8;55.75;1.23;0;999,63;41,874625
27/09/2018;28.36;50;2.5;0;999,99;45,968625
28/09/2018;28.92;51;2;0;1000,25;46,97033333
29/09/2018;28.72;56.75;1.56;0;1000,45;43,53504166
30/09/2018;28.6;56.5;1.9;0;999,98;46,04654166
01/10/2018;28.52;59;2;0;1000,23;40,35366666
02/10/2018;27.88;51.75;1.9;0;1000,65;44,24195833
03/10/2018;27.78;57.25;1.83;0;1000,85;42,554
04/10/2018;27.96;61.5;1.33;0;1001,10;39,38183333
05/10/2018;28.08;61.75;2.16;0;1000,06;34,82820833
06/10/2018;27.86;60.25;1.83;0;1000,53;34,08954166
07/10/2018;28.68;54;1.66;0;1001,08;39,53883333
08/10/2018;28.58;48.75;2.46;0;1001,07;43,13908333
09/10/2018;28.7;51.75;2.66;0;1000,54;42,16666666
10/10/2018;28.32;53.5;2.16;0;999,47;45,85604166
11/10/2018;28.22;52.5;1.66;0;1000,40;47,41575
12/10/2018;28.04;54.75;2.33;0;1001,20;42,4435
13/10/2018;27.9;60.25;2.5;0;1001,33;42,702875
14/10/2018;29.26;59.75;2.33;0;1000,45;33,04783333
15/10/2018;27.84;66.25;2;0;1000,45;19,20633333
16/10/2018;28.08;61.5;1.83;0;1000,06;15,85683333
17/10/2018;28.58;60;1.33;0;999,88;33,38004166
18/10/2018;28.5;52.25;2.33;0;999,58;40,35166666
19/10/2018;28.06;55.75;1.66;0;998,28;44,504125
20/10/2018;28.28;60;2;0;997,23;38,810625
21/10/2018;28.68;56.5;1.33;0;998,62;27,86291666
22/10/2018;28.12;58;1.66;0;999,85;28,17295833
23/10/2018;28.96;51;1;0;999,74;25,56633333
24/10/2018;29.08;52.25;1.66;0;1000,30;37,85629166
25/10/2018;29.12;53;2.16;0;999,48;42,067
26/10/2018;28.84;56;1.83;0;999,23;45,924125
27/10/2018;28.32;59.25;2;0;999,33;45,3185
28/10/2018;28.26;56.25;1.23;0;999,49;37,922375
29/10/2018;28.86;60;1.66;0;999,90;33,11066666
30/10/2018;29.56;56;2.5;0;1000,59;39,25041666
31/10/2018;28.72;55;1.83;0;1000,66;40,992375
01/11/2018;28.6;55.5;1.4;0;1000,40;42,39733333
02/11/2018;28.48;59;1.5;0;999,13;37,3205
03/11/2018;28.64;55;1.83;0;998,58;37,11275
04/11/2018;28.6;56.25;1.83;0;998,48;44,34517391
05/11/2018;28.38;62.25;1.66;0;998,53;33,29945833
06/11/2018;29.32;63.75;1;0;999,05;40,66879166
07/11/2018;28.44;59.5;1.56;0;999,24;42,45933333
08/11/2018;27.96;57;1.16;0;999,63;41,033875
09/11/2018;29.26;46.75;2.16;0;999,29;43,25775
10/11/2018;29.14;53.25;2.16;0;998,18;39,17091666
11/11/2018;29.5;52.25;2.33;0;997,81;38,53658333
12/11/2018;29.22;52.25;1.66;0;999,16;40,42045833
13/11/2018;29.18;55;2.06;0;998,97;36,99329166
14/11/2018;29.28;51;2.33;0;998,67;47,95983333
15/11/2018;28.32;51.75;2;0;998,83;52,125625
16/11/2018;28.26;58.25;1.66;0;1000,36;44,364375
17/11/2018;29.24;46.5;1.33;0;999,87;49,13383333
18/11/2018;29.6;51;2.5;0;999,44;47,64195833
19/11/2018;29.28;49.25;1.5;0;999,30;50,03304166
20/11/2018;29.24;50.5;1.5;0;999,43;43,42741666
21/11/2018;29.78;49.5;2.83;0;999,35;38,79
22/11/2018;29.3;60.25;1.5;0;999,28;43,25816666
23/11/2018;28.58;65;1.9;0.6;999,71;38,19195833
24/11/2018;29.24;56.5;2;0;999,55;36,55604166
25/11/2018;29.36;55;2;0;999,21;48,29220833
26/11/2018;29.22;58.5;1.5;0;998,07;44,98733333
27/11/2018;29.64;51.5;1.5;0;997,66;23,98808333
28/11/2018;30.48;53;1.5;0;997,40;33,43041666
29/11/2018;29.58;50.75;2;0;998,10;47,733375
30/11/2018;27.06;80.75;2.33;0;999,58;28,33529166
01/12/2018;27.96;79;1.5;0;999,31;10,05229166
02/12/2018;28.9;77;1.5;1.6;998,58;33,044875
03/12/2018;28.96;69;1.75;0;997,13;29,9545
04/12/2018;27.3;24;0.5;0;997,18;5,862125
05/12/2018;26.66;84;0.5;15.6;998,92;1,54966666
06/12/2018;26.2;92;0.5;11.8;1001,21;0
07/12/2018;27.66;83;0.75;4.8;1001,42;5,17433333
08/12/2018;28.58;77;1.75;0;1001,38;12,528875
09/12/2018;26.04;84;0.5;0;1002,42;14,06670833
10/12/2018;25.78;89;0.5;13.8;1003,18;6,79775
11/12/2018;27.28;81;1;23.8;1002,59;15,87191666
12/12/2018;28.32;64;1.75;0;1001,53;25,09866666
13/12/2018;28.06;73;1.5;0;1001,09;38,98433333
14/12/2018;26.84;82;1;0;1001,66;18,24516666
15/12/2018;25.64;91;0.5;10.2;1003,32;3,75275
16/12/2018;27.64;69;1.5;13.6;1003,15;24,307375
17/12/2018;25.04;89;2.5;1.4;1002,92;13,12179166
18/12/2018;27.26;80;1;5.2;1002,18;17,93929166
19/12/2018;27.42;67;2;0.6;1000,95;32,84045833
20/12/2018;27.2;76;1.25;0;1000,16;11,778875
21/12/2018;27.64;71;1;0;999,51;24,0835
22/12/2018;27.66;70;1.25;0;999,38;18,70395833
23/12/2018;25.14;89;0.25;0;1001,29;7,62691666
24/12/2018;25.16;89;0.25;21.2;1001,56;8,76545833
25/12/2018;26.44;84;1.5;0;1000,28;32,49020833
26/12/2018;26.78;83;1.25;0;1000,43;36,716125
27/12/2018;26.58;76;1.5;0;999,42;26,62008333
28/12/2018;27.42;71;1.75;0;999,62;17,67733333
29/12/2018;27.16;76;2.5;0;999,26;17,57904166
30/12/2018;27.6;76;2.5;0;999,60;23,79316666
31/12/2018;27.36;77;0.85;0;999,79;19,99766666
01/01/2019;28.44;59;2;0;1001,00;25,31704166
02/01/2019;28.28;59.25;2.4;0;1001,45;41,52954166
03/01/2019;28.5;64;1.5;0;1000,86;44,50275
04/01/2019;29.22;60.25;0.9;0;1000,68;48,192
05/01/2019;27.46;72.25;0.9;0;1000,65;29,67670833
06/01/2019;27.96;63.5;0.66;1.2;1000,74;30,18816666
07/01/2019;26.6;71.75;0.83;0;1000,53;13,24875
08/01/2019;26.58;77.25;0.23;6.8;1000,67;12,595125
09/01/2019;26.7;83.25;0.33;0;1000,13;12,51225
10/01/2019;27.22;69;0.9;0;999,86;5,68029166
11/01/2019;28.14;64.75;1.5;0;1000,23;8,30120833
12/01/2019;26.92;79;0.83;0;1001,03;0,49104166
13/01/2019;26.72;86;1.33;0.2;1001,00;0,143375
14/01/2019;26.38;88.5;0.93;0.2;1001,40;0,950875
15/01/2019;25.74;86.25;0.33;10.8;1002,39;2,72125
16/01/2019;25.64;83.75;1.16;0.4;1002,74;6,818
17/01/2019;25.38;89;0.83;7;1001,78;5,81516666
18/01/2019;24.34;88.25;0.53;0.2;1001,62;1,8135
19/01/2019;25.58;91.25;0.5;0.2;1001,43;9,92091666
20/01/2019;26.66;80.5;0.33;0.2;1001,80;14,020375
21/01/2019;26.78;74.25;1.33;0.4;1001,40;24,60441666
22/01/2019;27.18;66.5;1.16;0.6;1001,41;25,27983333
23/01/2019;27.4;69.75;1.16;0.4;1001,71;18,67129166
24/01/2019;26.68;76.75;0.16;0.4;1001,11;6,834125
25/01/2019;27.08;76.75;1.83;0.6;1000,93;24,70920833
26/01/2019;26.14;82.25;0.83;0.6;1002,16;5,96208333
27/01/2019;26.5;82;0.66;1.2;1001,52;15,48816666
28/01/2019;27.96;67;1.93;0.8;1000,85;24,81741666
29/01/2019;27.9;68.5;0.66;0.2;1000,58;10,38208333
30/01/2019;26.96;76.5;0.5;0.6;1000,45;17,05133333
31/01/2019;26.48;90.75;1;1;1000,38;5,91708333
01/02/2019;25.48;94.25;0.171;null;1000,81;5,28191666
02/02/2019;26.84;80.25;1.1;null;1000,28;8,770875
03/02/2019;26.74;82.5;0.63;null;1000,39;1,4935
04/02/2019;25.9;89;1.66;null;1000,12;4,66945833
05/02/2019;26.68;87;0.6;null;999,99;5,14741666
06/02/2019;25.68;92.25;0.5;null;1000,01;0,27845833
07/02/2019;25.62;95.25;0.4;null;999,11;2,83466666
08/02/2019;27.08;84.75;1.5;null;998,23;6,48279166
09/02/2019;27.78;75.75;1.16;null;998,59;22,242625
10/02/2019;27.9;71;1.33;null;998,79;19,495
11/02/2019;28.14;69.75;1.06;null;999,57;21,54508333
12/02/2019;28.32;72.5;0.83;null;999,58;25,306125
13/02/2019;26.76;92.75;0.5;null;1000,63;12,4655
14/02/2019;26.38;84;1;null;1001,63;4,491375
15/02/2019;27.54;80.25;0.63;null;1001,05;5,466875
16/02/2019;25.2;91.25;0.6;null;1000,95;4,04379166
17/02/2019;25.98;93;0.26;null;1000,85;0,55808333
18/02/2019;26.8;88;1.16;null;1000,99;4,13966666
19/02/2019;26.14;92.25;0.33;null;1001,00;1,48325
20/02/2019;26.84;84.5;0.66;null;1000,09;3,02891666
21/02/2019;26.66;88;0.5;null;1000,34;4,51254166
22/02/2019;25.44;89;0.5;null;1001,78;8,92995833
23/02/2019;25.9;91;1.16;null;1000,89;4,34591666
24/02/2019;25.42;87.75;0.83;null;1000,80;9,83954166
25/02/2019;25.9;82.75;0.5;null;1000,27;1,199375
26/02/2019;26.34;90;0.5;null;1000,65;9,72341666
27/02/2019;25.58;94.5;0.06;null;1001,34;1,52683333
28/02/2019;25.38;94.25;0.833;null;1001,83;1,27879166
01/03/2019;26.14;84.75;0.166;null;1002,16;4,25029166
02/03/2019;25.84;84.5;0.6;null;1002,11;6,4915
03/03/2019;25.84;86.5;0.566;null;1001,69;3,58154166
04/03/2019;26.22;89;1.66;null;1001,78;10,13920833
05/03/2019;26.42;82.25;0.36;null;1001,74;8,86945833
06/03/2019;24.96;91.75;0.33;null;1002,43;3,874
07/03/2019;25.2;87;0.66;null;1002,94;6,78329166
08/03/2019;25.36;92.25;0.66;null;1001,91;3,48954166
09/03/2019;26.12;91;0.83;null;1000,95;14,692375
10/03/2019;26.14;91.25;0.83;null;1000,61;6,28433333
11/03/2019;26.5;85.5;0.16;null;999,99;3,06579166
12/03/2019;26.58;85;1;null;1000,04;7,41283333
13/03/2019;24.3;92.5;0.13;null;1000,83;4,43233333
14/03/2019;25.28;83.25;0.5;null;1000,61;0,83175
15/03/2019;25.82;89.5;2.5;null;1000,45;1,47820833
16/03/2019;25.08;90;0.26;null;1000,71;3,35308333
17/03/2019;25.52;91;0.7;null;1000,63;0,58479166
18/03/2019;25.78;90.75;0.66;null;1000,78;1,72441666
19/03/2019;25.9;92.25;0.83;null;1000,14;3,844375
20/03/2019;26.46;83;1.33;null;999,28;5,07279166
21/03/2019;27.64;90.5;0.43;null;999,92;3,141125
22/03/2019;26.4;85;1.33;null;1000,97;0,98195833
23/03/2019;26.04;87;1.33;null;1001,80;2,11075
24/03/2019;25.68;86.5;1.16;null;1001,67;2,01445833
25/03/2019;25.74;91.5;0.23;null;1000,76;9,0615
26/03/2019;25.92;84.75;0.5;null;1000,45;2,35508333
27/03/2019;26.08;94.5;0;null;1001,53;0,60420833
28/03/2019;25.32;93;0.5;null;1001,98;2,716
29/03/2019;26.06;92;0.26;null;1001,72;5,69475
30/03/2019;26.58;86.75;0.4;null;1000,88;2,66225
31/03/2019;25.52;89.5;0.43;null;1000,51;1,64775
01/04/2019;25.2;87;0;null;1001,33;1,55629166
02/04/2019;26.52;85.5;0.51;null;1000,43;1,73116666
03/04/2019;26.32;88.5;0;null;1000,66;1,50941666
04/04/2019;25.52;93.25;0.171;null;999,84;5,43470833
05/04/2019;25.72;86.75;0.68;null;1001,17;0,01379166
06/04/2019;25.6;89.75;0.2;null;1002,37;1,27425
07/04/2019;26.86;85;0.68;null;1001,93;8,45283333
08/04/2019;26.58;88;0.51;null;1001,05;7,90970833
09/04/2019;26;91.75;0;null;1000,68;9,46275
10/04/2019;26.8;84;0.51;null;1000,18;3,80675
11/04/2019;26.6;91;0;null;1000,98;1,632
12/04/2019;26.1;86.75;0.34;null;1001,06;3,81458333
13/04/2019;25.96;88;0.34;null;1000,32;2,07475
14/04/2019;24.92;95.5;0.171;null;1000,41;3,77679166
15/04/2019;24.86;96.75;0.51;null;1001,29;1,16979166
16/04/2019;25.46;92.25;0.34;null;1000,93;1,48383333
17/04/2019;25.78;91.5;0.34;null;1000,37;3,92929166
18/04/2019;25.82;91.5;0;null;1000,08;3,76691666
19/04/2019;25.94;85.75;0.68;null;1000,71;0,97079166
20/04/2019;26.72;87;0.51;null;1000,81;1,81204166
21/04/2019;27.04;83.25;0.68;null;999,96;1,45791666
22/04/2019;26.68;83.25;0.51;null;999,64;5,39979166
23/04/2019;26.36;89.25;1.2;null;1000,74;12,41704166
24/04/2019;26.58;83.5;0.51;null;1000,93;7,45995833
25/04/2019;26.42;84.75;0.85;null;1001,17;3,90845833
26/04/2019;25.92;89.75;0;null;1001,90;3,795875
27/04/2019;26.64;85.25;0.171;null;1000,82;3,66120833
28/04/2019;25.44;95.75;0;null;1000,82;1,67604166
29/04/2019;25.4;94.75;0.51;null;1000,62;0,19633333
30/04/2019;25.82;92.75;0;null;1001,53;0,75291666
01/05/2019;25.68;91.25;0.85;null;1001,40;2,96116666
02/05/2019;26.16;87.75;0.34;null;1000,80;6,34775
03/05/2019;26.1;77;0;null;1000,70;17,64525
04/05/2019;25.56;79.5;0;null;1000,39;11,943
05/05/2019;26.12;82.25;0.85;null;1000,38;11,647
06/05/2019;26.08;83.75;0.51;null;1001,11;5,43933333
07/05/2019;25.84;81;0;null;1001,15;2,29458333
08/05/2019;25.88;89;0.34;null;1001,23;3,308
09/05/2019;26.18;88.5;0;null;999,96;9,18275
10/05/2019;26.56;84;0.34;null;998,42;6,10895833
11/05/2019;26.28;83.25;0.51;null;998,93;5,76895833
12/05/2019;26.72;85.75;0.51;null;1000,15;7,29704166
13/05/2019;26.34;83.25;0.68;null;1001,11;11,71775
14/05/2019;26.02;90.25;0.51;null;1001,54;5,03620833
15/05/2019;26.24;85.75;0;null;1000,92;7,56075
16/05/2019;26.38;83.25;0.51;null;1001,07;7,39383333
17/05/2019;26.14;86.25;0.85;null;1000,87;3,96783333
18/05/2019;26.5;84.25;0.51;null;1000,66;15,56379166
19/05/2019;26.6;84.25;0;null;1000,85;20,89091666
20/05/2019;25.88;87.5;0.34;null;1000,84;7,47525
21/05/2019;26.52;83;0.51;null;1000,04;7,36341666
22/05/2019;;;0;null;1001,13;5,30554166
23/05/2019;26;84.5;0.68;null;1001,01;5,98541666
24/05/2019;25.64;93.25;0;null;1001,24;4,86754166
25/05/2019;26.3;86.25;0.34;null;1000,94;8,18525
26/05/2019;26.22;85.75;0.34;null;1000,72;6,55995833
27/05/2019;26.74;81.25;0;null;1000,98;14,23558333
28/05/2019;25.74;81;0.68;null;1000,85;13,10591666
29/05/2019;26.2;82.75;0.85;null;1001,53;12,95120833
30/05/2019;25.6;86;0.34;null;1001,42;15,2225
31/05/2019;26;87;0;null;1000,92;4,317875
01/06/2019;26.36;82.25;0.68;null;1000,99;27,59204166
02/06/2019;26.12;81.25;0.68;0;1001,12;10,708
03/06/2019;26.14;81.5;0.68;0;1002,63;8,59633333
04/06/2019;26.48;78.5;0.85;0;1003,57;10,54020833
05/06/2019;26.08;80.75;0.171;0;1002,73;15,11708333
06/06/2019;;;0.77;0;1001,90;15,22954166
07/06/2019;26.34;77;0.68;0;1001,59;12,49958333
08/06/2019;26.16;80.75;0.171;0;1002,29;9,73416666
09/06/2019;25.76;87.5;0.34;0;1002,65;13,94958333
10/06/2019;26.32;83.25;0.85;0;1002,47;6,169625
11/06/2019;27.18;80.25;0.51;0;1001,98;14,75141666
12/06/2019;24.68;88;0;2.4;1002,78;8,5025
13/06/2019;26.02;86;0.51;0;1002,95;10,85970833
14/06/2019;;87;0;1.4;1003,56;17,51754166
15/06/2019;26.64;82.25;0.85;0.4;1003,12;17,712875
16/06/2019;26.28;81;0.171;0;1003,34;12,10395833
17/06/2019;;;0;0;1003,44;9,87545833
18/06/2019;28;76.75;0.34;0;1003,65;18,4475
19/06/2019;26.2;77;0;0;1003,64;4,96829166
20/06/2019;26.34;69;0.68;0;1003,61;12,04779166
21/06/2019;26.28;72;0.51;0;1004,59;17,314875
22/06/2019;26.5;74.75;0.51;0;1005,12;2,80804166
23/06/2019;25.82;74.25;0;0;1004,08;5,85504166
24/06/2019;25.62;74.25;0.68;0;1002,25;17,55683333
25/06/2019;26;71.75;0;0;1001,70;15,50275
26/06/2019;;;0.51;0;1002,37;17,2315
27/06/2019;26.74;65;0;0;1002,85;16,6245
28/06/2019;26.74;66;0;0;1002,14;17,979125
29/06/2019;;;12.8;0;1001,51;24,530125
30/06/2019;26.84;79;0.77;0;1001,40;14,715875
01/07/2019;26.78;75;0.51;0;1001,10;22,84183333
02/07/2019;25.4;87;0.88;0;1000,47;31,54879166
03/07/2019;26.7;79;0.51;0;1001,21;8,15058333
04/07/2019;27.12;82;0.77;0;1001,40;17,05791666
05/07/2019;26.94;78;0.77;0;1003,22;25,04058333
06/07/2019;26.18;82;0;0;1003,48;32,17454166
07/07/2019;26.68;84;0.51;0;1003,61;16,34158333
08/07/2019;26.6;77;0.77;0;1004,34;18,35270833
09/07/2019;26.76;75;0.77;1.6;1004,30;16,214125
10/07/2019;26.16;84;0.77;0;1003,50;21,47895833
11/07/2019;27.02;76;0.51;0;1002,32;10,6885
12/07/2019;26.98;78;0.51;7.6;1001,83;17,68645833
13/07/2019;26.66;74;0.77;0;1002,47;32,532375
14/07/2019;27.44;75;0.77;0;1001,94;18,739
15/07/2019;27.14;73;0.51;0;1001,20;19,93395833
16/07/2019;;;0;0;1002,20;26,41429166
17/07/2019;;;0.51;0;1003,05;16,10483333
18/07/2019;27.44;68;0.25;0;1003,60;20,11166666
19/07/2019;25.82;78;0.25;0;1003,63;22,32620833
20/07/2019;;72;0.51;0;1003,49;15,36533333
21/07/2019;27.3;67;1;0;1003,08;20,89495833
22/07/2019;27.28;72;0.51;1;1002,59;7,61829166
23/07/2019;27.04;71;1;0.8;1003,33;11,57616666
24/07/2019;27.7;74;1;0;1002,33;8,55604166
25/07/2019;27.56;73;0.51;0;1002,00;20,70754166
26/07/2019;26.88;65;0.77;0;1003,26;31,66633333
27/07/2019;27.02;78;1;0;1004,05;30,80158333
28/07/2019;27.32;63.5;0.85;0;1002,78;19,32875
29/07/2019;28.12;59.75;1;0;1002,20;10,85866666
30/07/2019;27.16;69;1;0;1002,43;16,70675
31/07/2019;27.88;69;1;0;1002,65;23,575625
01/08/2019;28.1;59.5;1;0;1001,56;28,189625
02/08/2019;25.3;75.5;1;0;1002,20;31,09916666
03/08/2019;26.24;61.75;0.51;0;1002,81;29,42279166
04/08/2019;27.54;59.75;1;0;1003,47;23,85183333
05/08/2019;27.4;58.5;0.68592;0;1004,45;25,68495833
06/08/2019;26.88;53;1;0;1006,19;12,806875
07/08/2019;27.52;61.5;0.8574;0.2;1005,75;28,056625
08/08/2019;27.6;65;1;0;1004,51;7,07491666
09/08/2019;28.26;53.75;1;0;1004,38;23,53975
10/08/2019;27.22;67.75;1;0;1004,73;21,82608333
11/08/2019;28.04;59.5;1;0;1004,20;27,88108333
12/08/2019;28.66;52.25;0.85;0;1002,21;23,58575
13/08/2019;27.58;59.25;1;0;1002,20;27,11370833
14/08/2019;27.92;56;1;0;1003,28;35,0515
15/08/2019;27.74;55.5;1;0;1003,88;29,42070833
16/08/2019;27.36;66;1.5;0;1003,46;22,58645833
17/08/2019;27.52;58;1.02;0;1002,95;24,50866666
18/08/2019;27.12;66;1.2;0;1002,66;16,989625
19/08/2019;27.72;60.75;1.02;0;1002,83;35,86816666
20/08/2019;27.88;53.25;1.2;0;1003,71;28,29433333
21/08/2019;27.62;61;1.54;0;1004,00;35,25358333
22/08/2019;28;51;1.88;0;1003,44;25,396375
23/08/2019;28.2;54.75;1.54;0;1003,85;15,499
24/08/2019;28.04;54;1.37;0;1004,12;32,2605
25/08/2019;28.14;50;1.37;0;1004,25;40,831625
26/08/2019;27.6;50.5;1.72;0;1003,35;42,76179166
27/08/2019;28.16;55.75;1.2;0;1003,23;33,52629166
28/08/2019;28;57.5;1.37;0;1003,15;41,28770833
29/08/2019;27.96;63.75;1.2;0;1002,50;30,30595833
30/08/2019;27.92;58;1.2;0;1002,76;34,62770833
31/08/2019;27.68;61.75;0.85;0;1002,54;37,03704166
01/09/2019;28.16;60.25;1.88;0;1001,42;43,00033333
02/09/2019;27.94;60.25;1.54;0;1000,84;36,18654166
03/09/2019;27.92;60;0.8574;0;1001,68;51,54558333
04/09/2019;28.54;58.5;1.02;0;1003,08;46,25604166
05/09/2019;28.16;53;2.22;0;1003,11;35,59541666
06/09/2019;27.92;53.5;1.54;0;1002,87;35,097875
07/09/2019;27.86;57.25;2.22;0;1003,28;26,61529166
08/09/2019;28.06;60.75;1.20;0;1004,03;36,43029166
09/09/2019;28.84;47.75;2.22;0;1003,76;36,84233333
10/09/2019;27.96;54;2.05;0;1003,19;35,87458333
11/09/2019;28.82;59.25;1.37;0;1001,60;39,09829166
12/09/2019;28.92;54.25;1.78;0;1001,18;43,06004166
13/09/2019;27.74;57.25;1.88;0;1001,42;44,327
14/09/2019;27.94;54.5;1.71;0;1001,10;40,26116666
15/09/2019;27.98;55;2.057;0;1000,52;32,66641666
16/09/2019;28.52;47.75;1.137;0;1000,84;33,64204166
17/09/2019;27.74;61.25;0.85;0;1000,94;37,24829166
18/09/2019;29.22;62.25;1.54;0;1000,10;38,282875
19/09/2019;28.5;60.25;2.05;0;1000,18;44,26654166
20/09/2019;28.92;63.25;0.68;0;1000,75;40,67645833
21/09/2019;28.14;61.75;1.71;0;1001,03;45,23983333
22/09/2019;28.38;58;0.85;0;1000,80;29,70370833
23/09/2019;28.08;58.5;2.22;0;1001,70;31,747625
24/09/2019;27.8;62;2.4;0;1002,45;23,46979166
25/09/2019;27.96;61.25;2.4;0;1001,95;28,75358333
26/09/2019;27.18;65;0.8574;0;1001,94;33,55691666
27/09/2019;27.68;51.75;2.57;0;1002,48;45,00691666
28/09/2019;27.56;54.5;1.88;0;1002,10;40,85658333
29/09/2019;28.22;55.25;1.71;0;1000,89;33,10425
30/09/2019;28.34;61.75;1.20;0;1000,49;31,44220833
01/10/2019;28.86;55.75;1.20;0;999,45;41,713625
02/10/2019;27.72;59;1.20;0;1000,37;39,83658333
03/10/2019;27.58;61.75;1.88;0;1001,16;41,35975
04/10/2019;28.08;53.25;1.88;0;1000,60;38,32166666
05/10/2019;28.16;51;1.88;0;999,68;35,81808333
06/10/2019;28.48;56;1.88;0;1000,23;31,51670833
07/10/2019;28.68;63.25;2.22;0;1001,03;42,97604166
08/10/2019;28.7;58.25;2.57;0;1000,12;54,947
09/10/2019;28.64;55.5;1.88;0;1000,27;58,35304166
10/10/2019;28.98;56;3.08;0;999,79;47,019625
11/10/2019;28.2;60.25;2.05;0;1000,16;36,3625
12/10/2019;28.66;61.25;2.22;0;999,97;33,35741666
13/10/2019;28.66;55.5;1.2;0;999,39;37,50658333
14/10/2019;28.9;56.75;1.8;0;1000,01;44,66975
15/10/2019;28.12;64.5;2.0;0;1000,81;36,28975
16/10/2019;28.12;67.75;0.66;0;1000,85;34,29320833
17/10/2019;27.92;65.5;1.54;0;1001,27;40,892625
18/10/2019;28.1;63.25;1.54;0;1001,15;40,76983333
19/10/2019;28.56;63.25;2.22;0;1000,37;38,75991666
20/10/2019;28.18;65.25;1.2;0;999,73;10,97554166
21/10/2019;28.8;57.5;2.22;0;999,58;24,01295833
22/10/2019;28.52;59.5;1.37;0;999,73;12,62475
23/10/2019;29.18;58.5;2.05;0;999,55;7,44020833
24/10/2019;28.46;61;1.54;0;999,52;25,85604166
25/10/2019;28.88;44.75;1.54;0;999,54;36,312125
26/10/2019;28.02;54.5;2.22;0;1000,88;35,96025
27/10/2019;27.92;61.75;1.2;0;1001,23;34,36383333
28/10/2019;28.58;59.75;0.85;0;999,74;49,54495833
29/10/2019;28.14;70.5;1.2;0;998,83;42,53575
30/10/2019;32.88;51;1.5;0;999,18;41,520125
31/10/2019;29.18;63;2.22;0;1000,25;39,792375
01/11/2019;28.92;62;1.02;0;1000,16;27,140625
02/11/2019;28.52;60.5;2.05;0;998,97;32,59629166
03/11/2019;29.12;55.5;1.37;0;999,00;39,884375
04/11/2019;29;56.75;2.74;0;999,55;41,663625
05/11/2019;29.32;56.5;1.20;0;999,68;40,08291666
06/11/2019;28.8;56;1.78;0;999,38;44,232125
07/11/2019;29.18;56.75;1.37;0;997,70;36,14241666
08/11/2019;29.24;55.75;1.7;0;997,25;34,35879166
09/11/2019;28.68;61.75;1.2;0;998,48;39,1425
10/11/2019;28.84;59.75;1.54;0;999,00;42,56475
11/11/2019;28.48;62.75;2.22;0;997,97;41,60191666
12/11/2019;28.68;64;1.7;0;997,29;37,3265
13/11/2019;28.94;58.25;1.37;0;998,47;36,478
14/11/2019;29.16;60;1.54;0;999,18;40,196
15/11/2019;29.2;57.75;1.7;0;998,67;35,481125
16/11/2019;28.46;63;1.2;0;996,98;36,96408333
17/11/2019;28.9;57.75;1.5;0;997,22;31,94683333
18/11/2019;28.22;64.5;1.7;0;998,87;21,48833333
19/11/2019;28.88;62.75;1.7;0;999,69;35,20320833
20/11/2019;29.34;66.25;1.2;0.2;998,48;29,693375
21/11/2019;28.9;62;1.8;0;998,58;34,197375
22/11/2019;29.02;62.5;2.05;0;999,10;33,14566666
23/11/2019;28.84;59;1.02;0;999,59;28,757625
24/11/2019;28.92;56.75;1.8;0;998,87;30,59608333
25/11/2019;29.04;57;0.85;0;998,81;32,00325
26/11/2019;29.02;56;2.0;0;999,13;35,52075
27/11/2019;28.88;66;1.02;0;999,07;40,273125
28/11/2019;28.96;69;2.05;0;998,72;36,1375
29/11/2019;28.96;75;1.8;0;998,89;37,33025
30/11/2019;29.46;65;2.05;0;999,50;37,37004166
01/12/2019;29.16;69;1.80;0;1000,72;34,01479166
02/12/2019;28.88;71;2.0;0;999,89;37,60608333
03/12/2019;28.52;70;2.31;0;998,61;28,67116666
04/12/2019;28.82;66;2.5;0;999,43;34,700375
05/12/2019;28.74;70;1.8;0;1000,56;31,73570833
06/12/2019;28.74;71;2.0;0;1000,32;23,8285
07/12/2019;28.98;73;2.0;0;999,31;29,547625
08/12/2019;28.9;77;2.3;0;999,34;30,66504166
09/12/2019;28.82;76;1.8;0;1000,07;32,98608333
10/12/2019;29.42;67;2.0;0;999,75;29,44341666
11/12/2019;29.52;69;2.5;0;998,75;19,32308333
12/12/2019;28.92;64;1.8;0;997,79;26,95170833
13/12/2019;29;68;2.5;0;998,03;29,56395833
14/12/2019;29.14;65;1.2;0;998,72;26,14108333
15/12/2019;29.38;67;1.8;0;998,93;37,91920833
16/12/2019;29.48;59;1.5;0;999,15;35,39175
17/12/2019;30.04;63;2.3;0;998,89;31,034375
18/12/2019;29.74;58;1.2;0;999,33;33,28983333
19/12/2019;29.1;65;1.3;0;999,56;33,517875
20/12/2019;29.6;69;1.02;0;999,22;41,44695833
21/12/2019;29.54;64;1.8;0;998,52;39,29158333
22/12/2019;29.64;59;2.5;0;998,95;32,549
23/12/2019;29.4;64;2.05;0;999,38;41,9205
24/12/2019;29.28;67;2.05;0;999,13;40,705
25/12/2019;28.9;73;25.7;1.6;998,19;36,94966666
26/12/2019;27.28;88;2.05;0;998,71;45,276125
27/12/2019;25.9;97;0.25;0;999,33;40,48045833
28/12/2019;26;89;1.5;0;998,74;38,774
29/12/2019;28.9;68;1.8;0;997,83;35,36558333
30/12/2019;27.9;90;1.9;0;997,97;27,48354166
31/12/2019;26;87;2;29.8;999,51;0,77083333
01/01/2020;27.38;67.08;0.57;0.6;1000,02;18.54975
02/01/2020;26.97;69.88;0.42;12;1000,02;11.90954166
03/01/2020;28.4;65;1.56;3.4;1000,31;24.63225
04/01/2020;28.39;64.33;0.73;0.8;1000,80;6.19370833
05/01/2020;27.71;62.79;1.09;0;1000,41;6.31425
06/01/2020;28.36;60;0.97;0;999,95;20.34570833
07/01/2020;27.63;65.92;1;0.6;1001,06;0.90458333
08/01/2020;26.91;71.58;0.53;5.2;1000,90;0.45533333
09/01/2020;25.58;72.54;0.2;5.2;1000,88;1.16479166
10/01/2020;25.74;80.17;0.48;22.2;1001,04;0.28179166
11/01/2020;26.45;89.63;0.63;19.6;1000,38;9.90995833
12/01/2020;28.1;78.21;0.93;0.2;1000,57;26.36504166
13/01/2020;27.95;72.17;1.32;0;1000,23;6.44366666
14/01/2020;26.45;76.83;0.3;0.2;999,96;3.57166666
15/01/2020;26.55;78.92;0.06;1.2;1000,16;3.65358333
16/01/2020;26.63;79.54;0.43;5.4;1001,13;7.09425
17/01/2020;25.73;84.92;0.18;0;1001,62;5.40579166
18/01/2020;27.09;91;0.73;18;1001,13;17.89641666
19/01/2020;28;82.5;0.56;0;1000,48;21.53466666
20/01/2020;27.77;79.5;0.56;0;999,34;6.505875
21/01/2020;27.93;75.46;1.07;0;998,90;4.88783333
22/01/2020;27.33;79.58;0.46;0.2;999,04;8.26329166
23/01/2020;27.6;79.92;0.15;0;998,85;25.43191666
24/01/2020;28.2;73.88;0.91;2;999,59;30.37254166
25/01/2020;28.57;69.63;1.42;0;999,63;27.5145
26/01/2020;26.27;77.21;0.72;0;1000,21;8.69320833
27/01/2020;27.11;79.29;0.8;15;1000,87;21.44633333
28/01/2020;24.88;87.13;0;8.2;1001,57;4.8025
29/01/2020;27.13;84.29;0.02;0;1000,80;7.64620833
30/01/2020;26.46;88.5;0.19;0.2;1001,15;13.786625
31/01/2020;24.67;97;0.12;2.6;1002,68;2.40791666
01/02/2020;26.18;91.5;0.08;1.4;1002,42;1.04733333
02/02/2020;26.59;92.9;0.73;8.6;1001,77;12.86841666
03/02/2020;26.88;83.28;0.81;0;1001,99;8.88691666
04/02/2020;25.47;92.08;0.27;2.4;1001,52;3.52804166
05/02/2020;24.5;96.43;0.55;6.2;1002,12;4.191125
06/02/2020;25.39;94.46;0.16;2.2;1001,41;0.94354166
07/02/2020;25.49;93.67;0.1;0.6;999,85;8.86354166
08/02/2020;26.75;null;0.23;0.8;1000,17;8.18170833
09/02/2020;25.78;null;0.38;1.2;1001,90;1.82583333
10/02/2020;25.43;null;0.91;0.4;1002,48;8.932
11/02/2020;27.02;null;0.42;0.2;1000,93;11.62666666
12/02/2020;27.29;null;0.22;0.4;999,91;9.19920833
13/02/2020;25.13;null;0.14;0.2;1000,33;2.67170833
14/02/2020;26.32;null;0.48;0.8;1000,36;11.646
15/02/2020;25.95;null;0.62;1.4;1000,45;0.70279166
16/02/2020;25.14;null;0.09;0.4;1000,46;1.81345833
17/02/2020;25.44;null;0.19;0.2;1000,13;3.983625
18/02/2020;24.88;null;0.11;0.2;1000,11;6.22979166
19/02/2020;25.21;null;0.15;0.2;998,78;3.75466666
20/02/2020;26.27;null;0.26;0.2;998,87;12.65954166
21/02/2020;26.53;null;0;0;999,52;1.52504166
22/02/2020;25.3;null;0.31;0.2;1001,19;1.3805
23/02/2020;26.84;null;0.4;0.2;1001,28;10.3815
24/02/2020;26.58;null;0;0;1000,16;9.73475
25/02/2020;26;null;0.3;0.2;999,82;2.65579166
26/02/2020;27.04;null;0.23;0;999,17;4.63016666
27/02/2020;27.31;null;0.42;0.6;1000,68;6.68016666
28/02/2020;26.14;null;0.14;1;1001,63;4.3165
29/02/2020;26.62;null;0.2;0.8;1001,73;0.37079166
01/03/2020;26.49;null;0.28;null;1001,54;1.92783333
02/03/2020;25.65;null;0.05;null;1001,04;6.22195833
03/03/2020;26.39;null;0.14;null;1000,88;0.41745833
04/03/2020;26.43;null;0.19;null;1001,90;0.91233333
05/03/2020;26.32;null;0.19;null;1002,47;1.01491666
06/03/2020;27.06;null;0.27;null;1000,82;1.66570833
07/03/2020;25.81;null;0;null;1000,19;0.60408333
08/03/2020;26.6;null;0.31;null;999,65;5.084625
09/03/2020;26.91;null;0.25;null;1000,30;2.20020833
10/03/2020;26.69;null;0.33;null;1000,85;4.665375
11/03/2020;26.11;null;0.04;null;999,79;0.013125
12/03/2020;26.88;null;0.44;null;999,50;0.26066666
13/03/2020;25.18;null;0.27;null;1000,88;1.78333333
14/03/2020;25.4;null;0.28;null;1000,44;9.10291666
15/03/2020;25.96;null;0;null;1000,17;4.170375
16/03/2020;24.78;null;0;null;1001,35;1.19283333
17/03/2020;25.89;null;0.05;null;1001,55;3.25733333
18/03/2020;27.34;null;0.32;null;1000,78;14.46216666
19/03/2020;26.95;null;0.81;null;999,68;8.37579166
20/03/2020;26.08;null;0.28;null;1000,02;0.35120833
21/03/2020;25.9;null;0.32;null;1001,05;3.11583333
22/03/2020;27.37;null;0.02;null;1001,82;2.31575
23/03/2020;27.45;null;0.66;null;1001,75;4.75645833
24/03/2020;26.84;null;0.5;null;1000,69;3.983875
25/03/2020;25.45;null;0.1;null;1000,75;2.60920833
26/03/2020;25.16;null;0.07;null;999,90;0.48466666
27/03/2020;25.76;null;0.09;null;998,71;10.1905
28/03/2020;26.76;null;0.08;null;999,43;12.2815
29/03/2020;27.09;null;0.23;null;999,79;7.39916666
30/03/2020;26.08;null;0.42;null;999,04;8.132875
31/03/2020;26.04;null;0.28;null;998,21;5.55075
01/04/2020;26.09;null;0.07;null;999,45;2.18245833
02/04/2020;26.7;null;0.11;null;1000,60;2.109125
03/04/2020;26.18;null;0.28;null;1000,10;4.61054166
04/04/2020;25.56;null;0.08;null;999,87;5.68258333
05/04/2020;26.59;null;0.02;null;1000,50;4.913875
06/04/2020;25.93;null;0.2;null;1001,43;11.30175
07/04/2020;26.27;null;0;null;1000,46;4.104625
08/04/2020;27.5;null;0.01;null;999,38;7.52179166
09/04/2020;27.47;null;0.61;null;999,62;5.96208333
10/04/2020;26.03;null;0.17;null;1000,38;6.19716666
11/04/2020;26.04;null;0.05;null;1000,84;3.64354166
12/04/2020;25.96;null;0.04;null;1000,95;1.880625
13/04/2020;25.9;null;0.33;null;1000,33;4.93329166
14/04/2020;26.32;null;0.19;null;999,59;0.74466666
15/04/2020;25.73;null;0.23;null;1000,95;0.15466666
16/04/2020;26.05;null;0.35;null;1001,92;1.68533333
17/04/2020;26.29;null;0.02;null;1002,68;4.31566666
18/04/2020;25.54;null;0.19;null;1002,80;0.230125
19/04/2020;25.91;null;0.11;null;1002,18;0.917125
20/04/2020;26.2;null;0.19;null;1001,11;1.49020833
21/04/2020;25.6;null;0.3;null;1001,77;0.32558333
22/04/2020;25.88;null;0.35;null;1001,24;0.99
23/04/2020;25.87;null;0;null;1000,72;1.82595833
24/04/2020;25.52;null;0;null;1000,97;1.20708333
25/04/2020;25.39;null;0.1;null;1001,46;1.81420833
26/04/2020;25.62;null;0.25;null;1001,50;3.17683333
27/04/2020;24.7;null;0.41;null;1002,18;5.94916666
28/04/2020;26.08;null;0;null;1001,99;7.10891666
29/04/2020;26.36;null;0.43;null;1002,09;6.185375
30/04/2020;25.41;null;0.11;null;1002,11;3.555875
01/05/2020;26.51;null;0.13;null;1002,88;0.45329166
02/05/2020;27.01;null;0.57;null;1002,16;8.98220833
03/05/2020;27.05;null;0.4;null;1000,68;8.33054166
04/05/2020;27.33;null;0.28;null;999,66;9.27041666
05/05/2020;26.66;null;0.75;null;999,78;14.270875
06/05/2020;26.74;null;0.56;null;1000,64;15.31320833
07/05/2020;26.08;null;0.13;null;1000,72;8.47104166
08/05/2020;26.72;null;0.03;null;1001,84;0.32470833
09/05/2020;26.85;null;0.27;null;1002,53;6.00783333
10/05/2020;25.79;null;0.3;null;1003,10;5.82883333
11/05/2020;26.79;null;0.19;null;1002,02;3.87541666
12/05/2020;26.43;null;0.36;null;1001,35;9.19595833
13/05/2020;26.48;null;0.28;null;1000,68;5.26429166
14/05/2020;26.45;null;0.15;null;1000,98;6.203375
15/05/2020;26.33;null;0.29;null;1001,85;2.81041666
16/05/2020;25.25;null;0.15;null;1002,43;7.86383333
17/05/2020;26.28;null;0.27;null;1002,28;7.72041666
18/05/2020;26.63;null;0.57;null;1002,46;13.423875
19/05/2020;26.94;null;0.36;null;1002,39;5.33904166
20/05/2020;27.38;null;0.16;null;1001,95;7.932375
21/05/2020;27.33;null;0.57;null;1002,40;8.489
22/05/2020;26.39;null;0.4;null;1002,75;5.16183333
23/05/2020;26.43;null;0.37;null;1002,63;5.745875
24/05/2020;26.73;null;0;null;1002,30;4.36625
25/05/2020;26.62;null;0.02;null;1002,49;11.87491666
26/05/2020;26.58;null;0.01;null;1002,81;5.06070833
27/05/2020;26.2;null;0;null;1001,98;11.27575
28/05/2020;26.26;null;0;null;1001,04;14.784
29/05/2020;26.28;null;0.28;null;1001,62;4.351875
30/05/2020;25.98;null;0.34;null;1002,28;0.42691666
31/05/2020;24.71;null;0.25;null;1002,81;2.14570833
01/06/2020;25.93;null;0.7;null;1002,29;14.609125
02/06/2020;26.85;null;0.35;0;1002,52;10.714625
03/06/2020;26.92;null;0.84;0;1002,63;18.31904166
04/06/2020;27.11;null;0.75;0;1002,57;14.23191666
05/06/2020;27.1;null;0.82;0;1003,16;4.490125
06/06/2020;26.65;null;0.37;0;1003,07;5.18845833
07/06/2020;25.7;null;0.28;0;1003,71;3.37970833
08/06/2020;26.12;null;0.26;2.8;1002,51;8.776125
09/06/2020;26.33;null;0.23;0.8;1001,88;11.57204166
10/06/2020;25.7;null;0.51;0;1002,21;7.003875
11/06/2020;25.59;null;0.73;0;1002,60;11.53775
12/06/2020;26.68;null;0.84;0;1001,39;12.27729166
13/06/2020;26.45;null;0.23;0;1001,52;3.78116666
14/06/2020;26.42;null;0.81;0;1002,21;1.63216666
15/06/2020;26.99;null;0.36;0;1002,57;4.776625
16/06/2020;26.28;null;0.16;0;1002,79;13.04679166
17/06/2020;26.73;null;0.73;0;1002,31;12.392625
18/06/2020;27;null;0.64;0;1002,33;9.35595833
19/06/2020;26.41;null;0.73;0;1002,67;14.431625
20/06/2020;27.1;null;1.15;0;1002,65;11.605
21/06/2020;26.29;null;1.11;0;1002,80;10.27945833
22/06/2020;26.72;null;0.62;0;1001,63;2.86941666
23/06/2020;27.19;null;1.16;0;1000,10;11.85854166
24/06/2020;26.37;null;0.98;0;1000,27;7.13420833
25/06/2020;27.15;null;0.74;0;1001,38;9.264
26/06/2020;26.76;null;0.53;0;1001,67;16.56158333
27/06/2020;26.2;null;0.57;0;1000,54;23.671125
28/06/2020;27.07;null;0.83;0;1000,82;22.67270833
29/06/2020;26.77;null;1.52;0;1001,26;29.224125
30/06/2020;26.68;null;0.78;3.6;1001,37;4.49058333
01/07/2020;27.28;null;1;0;1000,46;7.6015
02/07/2020;27.96;null;1.53;0;1000,80;21.30495833
03/07/2020;27.29;null;1.15;0;1001,29;29.35141666
04/07/2020;26.27;null;1;0.2;1001,42;27.74425
05/07/2020;26.8;null;1.47;0;1000,86;18.13245833
06/07/2020;23.87;null;0.86;0.2;1001,95;7.58295833
07/07/2020;24.58;null;0.19;13.8;1001,65;6.42158333
08/07/2020;25.89;null;0.63;0.2;1000,90;12.37495833
09/07/2020;26.24;null;0.52;0;1002,52;7.87925
10/07/2020;27.1;null;1.1;0.2;1002,66;28.43641666
11/07/2020;26.83;null;0.79;0;1002,03;13.74129166
12/07/2020;27.04;null;0.39;0;1001,70;10.019
13/07/2020;26.77;null;0.25;0;1002,72;17.74941666
14/07/2020;26.63;null;0.14;0;1002,77;16.42416666
15/07/2020;27.01;null;0.45;0;1002,77;23.1925
16/07/2020;27.1;null;0.93;0;1003,01;20.83066666
17/07/2020;26.44;null;0.76;0;1002,88;13.72675
18/07/2020;26.18;null;1.6;0;1002,36;8.977125
19/07/2020;27.24;null;1.14;0;1001,68;23.184125
20/07/2020;26.22;null;1.53;0;1001,76;24.637375
21/07/2020;26.36;null;0.71;1.2;1001,38;10.78191666
22/07/2020;26.77;null;1.05;0;1000,94;26.33741666
23/07/2020;26.75;null;1.06;0;1001,67;23.57975
24/07/2020;27.94;null;1.15;0;1001,67;32.31666666
25/07/2020;27.3;73.5;0.86;0;1001,98;9.248
26/07/2020;27.22;71.67;1.4;0;1002,28;12.29816666
27/07/2020;26.11;67.35;1.4;0;1002,83;29.467125
28/07/2020;26.72;68.41;1.18;0;1002,31;21.47420833
29/07/2020;27.72;67.13;0.75;0;1001,99;14.305125
30/07/2020;27.5;79.81;1.05;0;1001,98;11.51783333
31/07/2020;27.48;61;1.42;0;1002,40;23.04083333
01/08/2020;27.15;69.95;1.02;0;1003,40;26.35508333
02/08/2020;27.6;72.58;1.15;0;1003,62;8.792375
03/08/2020;27.6;72.88;0.73;0;1004,68;9.02945833
04/08/2020;27.66;63;0.6;0;1004,67;17.49079166
05/08/2020;27.08;57;0.97;0;1003,90;12.20004166
06/08/2020;27.24;61.45;1.54;0;1003,54;19.46241666
07/08/2020;27.32;60.81;1.62;0;1003,84;36.09929166
08/08/2020;27.8;61.09;1.23;0;1004,03;30.66329166
09/08/2020;27.77;60.37;1.18;0;1003,60;11.73395833
10/08/2020;27.78;65.11;1.18;0;1001,95;18.17541666
11/08/2020;27.82;60.67;1.2;0;1000,98;23.43895833
12/08/2020;27.76;59.67;1.4;0;1000,42;38.80466666
13/08/2020;27.62;59.22;0.94;0;1000,72;28.00079166
14/08/2020;27.86;67.48;1.14;0;1000,23;36.79529166
15/08/2020;27.79;64;2.05;0;999,85;35.10766666
16/08/2020;28.17;61.96;1.83;0;1000,15;34.087625
17/08/2020;28.6;58;2.06;0;999,62;43.90441666
18/08/2020;28.35;64.75;1.66;0;999,59;48.22595833
19/08/2020;27.84;65.39;1.6;0;1000,90;40.76045833
20/08/2020;28.31;66.04;1.77;0;1001,47;35.83316666
21/08/2020;27.98;68.16;1.02;0;1000,73;20.48929166
22/08/2020;28.65;76.13;1.4;0;1000,44;28.160125
23/08/2020;27.72;71.4;0.94;2.4;1001,74;33.95325
24/08/2020;28.41;68.25;1.6;0;1001,60;32.18383333
25/08/2020;28.12;66.33;1.84;0.2;1000,40;18.35020833
26/08/2020;28.56;70.71;1.45;0;1000,38;27.39141666
27/08/2020;28.7;66.1;0.87;0;1000,96;36.19766666
28/08/2020;28.73;61.88;1.96;0;1001,68;46.90920833
29/08/2020;28.66;63.42;1.99;0;1000,70;51.43191666
30/08/2020;28.98;57.46;2.24;0;1001,07;52.37895833
31/08/2020;28.74;59;2.22;0;1001,51;35.142625
01/09/2020;28.4;63.88;1.38;0;1001,48;18.513375
02/09/2020;28.29;64.46;0.75;0;1001,54;29.13766666
03/09/2020;28.28;62.79;0.68;0;1000,52;33.35816666
04/09/2020;28.18;63.75;1.44;0;1001,96;31.309625
05/09/2020;28.77;62.08;1.43;0;1001,68;39.31583333
06/09/2020;28.48;58.29;1.84;0;1000,59;26.211125
07/09/2020;28.1;62.5;1.55;0;999,37;39.09245833
08/09/2020;28.82;62.42;2.11;0;999,65;42.87520833
09/09/2020;28.65;59.13;1.54;0;1001,85;54.47829166
10/09/2020;28.76;62.29;1.58;0;1002,80;33.890875
11/09/2020;28.67;61.08;1.7;0;1000,62;42.70233333
12/09/2020;28.5;65.33;0.68;0;1000,61;32.026625
13/09/2020;28.69;58.67;1.45;0;1001,63;35.62908333
14/09/2020;28.47;55.46;1.68;0;1002,54;41.39770833
15/09/2020;28.34;58.25;1.74;0;1001,85;47.89266666
16/09/2020;28.68;59.79;1.53;0;1001,06;49.69983333
17/09/2020;29.16;62.25;1.78;0;1000,91;41.29145833
18/09/2020;28.61;64.42;1.36;0;1001,08;38.71908333
19/09/2020;28.8;67.25;1.6;0;1001,49;43.69820833
20/09/2020;28.9;64.08;1.97;0;1001,11;46.698625
21/09/2020;28.13;65.08;1.78;0;1001,33;49.66375
22/09/2020;28.32;64.17;2.33;0;1002,37;55.3555
23/09/2020;28.43;62.21;2.83;0;1002,73;51.57754166
24/09/2020;28.79;62.71;2.12;0;1002,37;40.728875
25/09/2020;28.41;63.54;2.14;0;1002,14;39.21966666
26/09/2020;28.6;63.71;1.03;0;1000,88;43.17541666
27/09/2020;28.25;63.96;1.57;0;1000,30;42.87829166
28/09/2020;28.74;65;2.45;0;999,75;44.018125
29/09/2020;29.53;61.5;2.69;0;1000,80;42.006875
30/09/2020;28.83;61.46;1.51;0;1000,68;43.90479166
01/10/2020;29.19;59.38;2.29;0;998,95;38.027875
02/10/2020;30.12;56.42;2.34;0;998,62;41.79225
03/10/2020;29.71;58.21;2.21;0;999,64;46.9135
04/10/2020;29.45;62;2.25;0;999,98;52.21041666
05/10/2020;29.1;63.13;1.03;0;1000,26;54.96641666
06/10/2020;28.94;56.5;2.51;0;1001,11;59.05529166
07/10/2020;28.73;62.83;2.05;0;1002,39;47.09716666
08/10/2020;28.48;65.79;2.11;0;1002,03;50.19866666
09/10/2020;28.23;65.5;1.86;0;1002,07;47.14329166
10/10/2020;28.56;64.83;1.91;0;1001,95;29.74466666
11/10/2020;28.87;64.88;1.88;0;1001,75;29.43258333
12/10/2020;28.8;64.67;2.29;0;1001,35;29.32333333
13/10/2020;28.93;62.46;1.18;0;1000,54;46.90445833
14/10/2020;28.88;60.17;2.03;0;1000,73;50.99
15/10/2020;29.36;60.04;2.73;0;1000,12;37.21316666
16/10/2020;29.67;61.13;2.31;0;1000,73;47.75016666
17/10/2020;28.78;63.83;1;0;1000,11;44.84520833
18/10/2020;29.51;59.63;1.78;0;999,12;41.252125
19/10/2020;29.48;61.17;1.92;0;999,03;48.53279166
20/10/2020;28.72;61.5;2.67;0;1000,43;50.36916666
21/10/2020;29.17;61.29;2.1;0;1001,08;42.86666666
22/10/2020;29.83;64.33;1.88;0;1000,46;47.76975
23/10/2020;29.03;63.83;2.27;0;1000,16;51.60304166
24/10/2020;29.36;63.88;2.08;0;999,52;48.53008333
25/10/2020;29.11;62.08;2.2;0;998,95;48.93675
26/10/2020;28.89;63.38;1.88;0;998,90;49.214375
27/10/2020;28.88;64.46;1.16;0;998,87;25.87529166
28/10/2020;28.94;63.88;1.3;0;997,87;45.52295833
29/10/2020;29.2;59.92;1.85;0;998,39;52.53970833
30/10/2020;29.26;57.83;2.66;0;999,48;52.926375
31/10/2020;28.63;64.42;2.65;0;999,62;37.85354166
01/11/2020;29.07;66;1.52;0;998,09;47.05329166
02/11/2020;29.78;64.04;1.09;0;997,42;22.18466666
03/11/2020;28.53;70.46;0.85;0.4;999,49;33.90591666
04/11/2020;29;65.92;1.19;3;1000,64;31.57383333
05/11/2020;29.11;62.42;1.13;0;999,00;39.11308333
06/11/2020;29.44;59.92;2.46;0;998,95;48.73075
07/11/2020;29.6;60.08;2.31;0;1000,79;40.2315
08/11/2020;29.63;61.96;2.4;0;1000,72;36.45266666
09/11/2020;30.72;56.13;1.99;0;999,87;43.42733333
10/11/2020;29.8;59.71;1.52;0;999,52;41.14979166
11/11/2020;27.75;72.75;1.09;0;1000,30;22.88045833
12/11/2020;28.94;63.38;1.84;2;999,51;40.01825
13/11/2020;29;59.63;1.73;0;999,66;38.468875
14/11/2020;30.25;58.54;2.61;0;998,91;42.36141666
15/11/2020;29.95;59.21;2.73;0;999,30;49.11970833
16/11/2020;29.25;62.96;2.25;0;998,49;43.43858333
17/11/2020;28.13;71.04;1.08;0;998,15;46.92670833
18/11/2020;29.23;63.08;1.35;3.8;997,98;47.79383333
19/11/2020;28.93;63.92;1.65;1;998,46;43.973875
20/11/2020;27.96;70.38;1.75;0.4;999,39;18.68829166
21/11/2020;29.14;62.5;1.56;0.2;998,44;35.38416666
22/11/2020;29.35;59.54;2.05;0;998,85;35.26875
23/11/2020;28.62;60;1.91;0;1000,18;36.65770833
24/11/2020;28.78;63.96;2.05;0;1000,55;44.862125
25/11/2020;29.35;60.63;1.59;0;999,77;55.51929166
26/11/2020;29.12;58;1.11;0;998,80;35.37654166
27/11/2020;30.43;53.04;1.78;0;998,79;41.69254166
28/11/2020;29.36;61.75;2.29;0;999,62;38.67225
29/11/2020;29.78;59;2.09;0;999,83;42.11795833
30/11/2020;29.22;62.29;1.53;0;999,84;38.30108333
01/12/2020;28.45;65;0.76;0;1000,13;38.37525
02/12/2020;29.42;61.5;1.55;0;999,72;45.25429166
03/12/2020;29.35;61.67;1.72;0;1000,24;45.44054166
04/12/2020;29.84;60.79;2.43;0;1000,42;46.50525
05/12/2020;29.64;59;2.31;0;999,95;46.28891666
06/12/2020;29.08;63.33;2.42;0;1000,56;50.31895833
07/12/2020;29.33;60.63;1.2;0;999,93;44.72154166
08/12/2020;29.93;54.38;1.95;0;1000,77;43.99195833
09/12/2020;29;61.63;2.69;0;1001,58;47.769875
10/12/2020;29.09;61.38;1.84;0;1000,90;43.18595833
11/12/2020;29.7;61;2.52;0;999,83;40.28791666
12/12/2020;29.35;58.46;0.7;0;999,79;36.25533333
13/12/2020;29.33;58.54;1.16;0;999,91;35.60358333
14/12/2020;29.83;57.63;1.95;0;999,40;31.32941666
15/12/2020;28.85;64.38;1.95;0;998,58;37.76491666
16/12/2020;28.99;65.21;1.9;1;999,33;47.046375
17/12/2020;28.54;67.79;1.3;0.2;1000,20;41.094375
18/12/2020;28.49;65.83;1.07;0.8;999,09;42.23304166
19/12/2020;28.63;59.83;2.17;0.4;998,10;51.72333333
20/12/2020;28.67;61.21;2.47;0.2;998,48;50.41983333
21/12/2020;28.73;62.88;2.63;0.2;999,51;44.86233333
22/12/2020;29.06;60.92;1.08;0;999,44;36.79829166
23/12/2020;28.35;63.92;0.88;0;999,01;36.4255
24/12/2020;28.75;60.21;1.98;0;998,36;46.162625
25/12/2020;28.08;66.33;1.35;0;997,88;44.57970833
26/12/2020;28.58;57.46;2.36;7.6;997,55;46.64066666
27/12/2020;29.1;57.96;2.45;1;998,34;57.429625
28/12/2020;29.53;55.5;2.05;0;998,81;43.55108333
29/12/2020;29.33;55.71;1.37;0;997,98;49.76779166
30/12/2020;28.58;63.46;0.9;0;997,99;34.68570833
31/12/2020;29.13;61.92;0.68;0.6;999,18;32.29666666
